,"ACACAC","ACAGCA","GTCTCT","GCGCTC","ACATGT","ACGACG","ATATCG","CTCGCA","TCGCAT","TGTATG","GCAGTG","GATGAC","ATCAGT","TCGTCA","CGACGC","GCGAGT","ACTAGC","CACGAT","CTGCGT","ACTCTG","ACTGAT","GCGTAG","TACGTG","ATGATA","TCTGCG"
"OTU_3",0.269230769,0.192307692,0.115384615,0.192307692,0.230769231,0.192307692,0.192307692,0.153846154,0.192307692,0.269230769,0.192307692,0.192307692,0.192307692,0.192307692,0.269230769,0.153846154,0.269230769,0.192307692,0.153846154,0.269230769,0.192307692,0.192307692,0.230769231,0.192307692,0.192307692
"OTU_5",0.192307692,0.192307692,0.269230769,0.230769231,0.230769231,0.153846154,0.230769231,0.230769231,0.192307692,0.192307692,0.269230769,0.230769231,0.192307692,0.192307692,0.230769231,0.192307692,0.192307692,0.230769231,0.230769231,0.230769231,0.192307692,0.192307692,0.269230769,0.115384615,0.269230769
"OTU_6",0.153846154,0.153846154,0.153846154,0.153846154,0.192307692,0.153846154,0.115384615,0.192307692,0.192307692,0.153846154,0.115384615,0.192307692,0.230769231,0.192307692,0.115384615,0.192307692,0.230769231,0.230769231,0.192307692,0.153846154,0.230769231,0.153846154,0.192307692,0.230769231,0.153846154
"OTU_7",0.269230769,0.269230769,0.153846154,0.153846154,0.230769231,0.192307692,0.230769231,0.230769231,0.192307692,0.192307692,0.192307692,0.230769231,0.153846154,0.230769231,0.269230769,0.115384615,0.230769231,0.230769231,0.153846154,0.230769231,0.230769231,0.192307692,0.230769231,0.115384615,0.269230769
"OTU_9",0.153846154,0.153846154,0.230769231,0.269230769,0.153846154,0.230769231,0.153846154,0.230769231,0.230769231,0.230769231,0.230769231,0.230769231,0.230769231,0.192307692,0.192307692,0.269230769,0.230769231,0.230769231,0.269230769,0.230769231,0.192307692,0.192307692,0.269230769,0.192307692,0.269230769
"OTU_10",0.153846154,0.153846154,0.153846154,0.153846154,0.192307692,0.153846154,0.115384615,0.192307692,0.192307692,0.192307692,0.115384615,0.153846154,0.230769231,0.192307692,0.153846154,0.192307692,0.230769231,0.192307692,0.192307692,0.153846154,0.230769231,0.153846154,0.153846154,0.230769231,0.153846154
"OTU_13",0.192307692,0.115384615,0.153846154,0.192307692,0.192307692,0.153846154,0.153846154,0.153846154,0.230769231,0.153846154,0.153846154,0.192307692,0.192307692,0.153846154,0.153846154,0.153846154,0.192307692,0.230769231,0.230769231,0.230769231,0.230769231,0.192307692,0.230769231,0.153846154,0.192307692
"OTU_15",0.192307692,0.230769231,0.192307692,0.153846154,0.230769231,0.115384615,0.192307692,0.230769231,0.153846154,0.115384615,0.153846154,0.153846154,0.192307692,0.192307692,0.192307692,0.115384615,0.192307692,0.192307692,0.192307692,0.192307692,0.192307692,0.076923077,0.192307692,0.153846154,0.192307692
"OTU_17",0.192307692,0.115384615,0.153846154,0.192307692,0.192307692,0.153846154,0.153846154,0.153846154,0.230769231,0.153846154,0.153846154,0.192307692,0.192307692,0.153846154,0.153846154,0.153846154,0.192307692,0.230769231,0.230769231,0.230769231,0.230769231,0.192307692,0.230769231,0.153846154,0.192307692
