"order","sample_id","library_tag_combo","lib_primer_index","library","tag_sequence","env_sample_name","experiment","dist_from_shore","transect","PCR_replicate","sample_type","lon","lat","sequenced_sample","transect_position","transect_line","DUP_1","DUP_2","DUP_3","DUP_4","DUP_7","DUP_9","DUP_10","DUP_11","DUP_12","DUP_13","DUP_14","DUP_15","DUP_17","DUP_18","DUP_19","DUP_21","DUP_22","DUP_25","DUP_27","DUP_29","DUP_31","DUP_32","DUP_33","DUP_34","DUP_36","DUP_37","DUP_39","DUP_40","DUP_41","DUP_44","DUP_45","DUP_46","DUP_47","DUP_49","DUP_55","DUP_57","DUP_58","DUP_60","DUP_62","DUP_64","DUP_65","DUP_66","DUP_68","DUP_77","DUP_80","DUP_82","DUP_90","DUP_101","DUP_103","DUP_109","DUP_112","DUP_116","DUP_121","DUP_126","DUP_128","DUP_131","DUP_132","DUP_134","DUP_135","DUP_140","DUP_141","DUP_148","DUP_149","DUP_158","DUP_165","DUP_171","DUP_178","DUP_182","DUP_189","DUP_201","DUP_204","DUP_208","DUP_229","DUP_253","DUP_285","DUP_286","DUP_316","DUP_322","DUP_329","DUP_337","DUP_340","DUP_342","DUP_358","DUP_369","DUP_380","DUP_393","DUP_395","DUP_401","DUP_409","DUP_436","DUP_504","DUP_550","DUP_557","DUP_568","DUP_633","DUP_641","DUP_651","DUP_658","DUP_687","DUP_725","DUP_744","DUP_749","DUP_763","DUP_782","DUP_800","DUP_806","DUP_811","DUP_836","DUP_849","DUP_924","DUP_1004","DUP_1008","DUP_1017","DUP_1019","DUP_1022","DUP_1029","DUP_1075","DUP_1082","DUP_1135","DUP_1155","DUP_1171","DUP_1181","DUP_1183","DUP_1184","DUP_1185","DUP_1223","DUP_1228","DUP_1232","DUP_1240","DUP_1246","DUP_1297","DUP_1314","DUP_1339","DUP_1342","DUP_1409","DUP_1448","DUP_1516","DUP_1532","DUP_1541","DUP_1547","DUP_1548","DUP_1554","DUP_1556","DUP_1602","DUP_1643","DUP_1653","DUP_1682","DUP_1684","DUP_1709","DUP_1726","DUP_1728","DUP_1746","DUP_1843","DUP_1846","DUP_1871","DUP_1900","DUP_1902","DUP_1917","DUP_1969","DUP_2016","DUP_2019","DUP_2038","DUP_2048","DUP_2052","DUP_2071","DUP_2077","DUP_2094","DUP_2138","DUP_2167","DUP_2183","DUP_2198","DUP_2201","DUP_2204","DUP_2207","DUP_2208","DUP_2255","DUP_2275","DUP_2280","DUP_2292","DUP_2332","DUP_2381","DUP_2544","DUP_2586","DUP_2600","DUP_2607","DUP_2608","DUP_2631","DUP_2660","DUP_2675","DUP_2684","DUP_2695","DUP_2790","DUP_2933","DUP_3023","DUP_3024","DUP_3030","DUP_3098","DUP_3202","DUP_3261","DUP_3276","DUP_3278","DUP_3306","DUP_3400","DUP_3527","DUP_3530","DUP_3542","DUP_3555","DUP_3595","DUP_3705","DUP_3709","DUP_3711","DUP_3713","DUP_3757","DUP_3802","DUP_3835","DUP_3864","DUP_3882","DUP_3884","DUP_3887","DUP_3935","DUP_4026","DUP_4061","DUP_4090","DUP_4114","DUP_4122","DUP_4142","DUP_4197","DUP_4221","DUP_4317","DUP_4333","DUP_4350","DUP_4374","DUP_4385","DUP_4386","DUP_4448","DUP_4494","DUP_4497","DUP_4503","DUP_4504","DUP_4507","DUP_4526","DUP_4606","DUP_4629","DUP_4634","DUP_4655","DUP_4675","DUP_4687","DUP_4693","DUP_4707","DUP_4710","DUP_4740","DUP_4749","DUP_4765","DUP_4818","DUP_4905","DUP_4954","DUP_5147","DUP_5191","DUP_5208","DUP_5278","DUP_5280","DUP_5353","DUP_5548","DUP_5602","DUP_5606","DUP_5746","DUP_5758","DUP_5781","DUP_5820","DUP_5858","DUP_5876","DUP_5961","DUP_6018","DUP_6023","DUP_6117","DUP_6154","DUP_6211","DUP_6236","DUP_6250","DUP_6268","DUP_6329","DUP_6360","DUP_6436","DUP_6470","DUP_6578","DUP_6705","DUP_6720","DUP_6721","DUP_6749","DUP_6763","DUP_6826","DUP_6858","DUP_6872","DUP_6894","DUP_6895","DUP_6952","DUP_7052","DUP_7059","DUP_7068","DUP_7176","DUP_7229","DUP_7234","DUP_7258","DUP_7440","DUP_7477","DUP_7485","DUP_7522","DUP_7534","DUP_7554","DUP_7593","DUP_7641","DUP_7665","DUP_7676","DUP_7715","DUP_7769","DUP_7776","DUP_7820","DUP_7957","DUP_8008","DUP_8011","DUP_8156","DUP_8179","DUP_8251","DUP_8331","DUP_8357","DUP_8394","DUP_8406","DUP_8592","DUP_8643","DUP_8664","DUP_8703","DUP_9123","DUP_9174","DUP_9192","DUP_9238","DUP_9309","DUP_9330","DUP_9377","DUP_9496","DUP_9597","DUP_10094","DUP_10168","DUP_10952","DUP_11061","DUP_11199","DUP_11253","DUP_11606","DUP_11998","DUP_12325","DUP_12522","DUP_13153","DUP_13726","DUP_13885","DUP_14250","DUP_16507"
125,"lib_B_tag_GCGAGT","B-16","B_GCGAGT","B","GCGAGT","PCT-C-0000","spatial",0,"C",1,"environmental",-122.3839508,47.71100538,1,1,1,36433,8111,18429,0,21451,1311,2821,862,0,0,25390,0,0,0,0,3,0,0,0,0,5496,0,0,0,0,0,2,0,0,0,0,0,338,2,0,28,0,0,0,0,0,97,39,0,0,0,0,0,0,0,0,0,1384,0,445,0,0,0,0,0,0,10,3993,0,361,0,0,0,5,603,0,0,0,0,8,0,11,641,1087,0,10,0,0,0,0,0,0,22,0,0,0,0,120,0,0,0,8,0,0,0,0,0,0,62,0,0,0,0,0,3,0,4,0,0,0,0,0,0,7,0,0,0,0,0,0,0,0,6,0,0,0,0,31,0,0,0,1,0,0,0,2,0,1,32,0,0,0,0,0,0,166,0,0,12,0,0,0,0,0,0,0,0,0,0,0,0,0,0,0,0,0,0,0,0,0,0,6,4,6,0,0,0,0,0,0,0,0,0,0,10,0,0,0,2,0,76,1,0,0,2,0,0,0,5,0,2,0,0,0,0,0,0,0,55,0,101,0,0,0,2,0,0,0,0,2,0,0,0,0,0,0,0,0,0,0,0,0,0,0,10,0,1,0,3,0,0,0,9,0,0,0,0,0,0,0,0,0,2,0,0,0,0,0,0,0,0,0,1,0,0,0,0,0,0,0,0,0,0,0,0,0,0,0,0,0,0,6,0,0,0,0,9,0,0,2,0,0,0,0,6,0,0,0,0,0,0,0,0,0,0,0,0,0,0,2,0,0,0,17,0,2,0,0,0,0,0,0,0,0,0,1,0,0,0,0,0,0,6,0,1,0,0,0,0,0,0,0,0,0,0,0,0,0,0,0
127,"lib_H_tag_ATGTGC","H-30","H_ATGTGC","H","ATGTGC","PCT-C-0000","spatial",0,"C",2,"environmental",-122.3839508,47.71100538,2,1,1,36654,8489,18025,0,20812,1328,2938,898,0,0,25433,1,3,0,2,2,0,1,0,0,5652,0,0,0,0,1,2,0,0,0,0,0,378,1,0,33,0,4,0,0,0,111,42,0,0,0,0,0,0,0,0,0,1210,0,377,0,0,0,0,0,0,11,4381,0,320,0,0,0,6,554,0,0,0,0,10,0,15,542,1133,0,10,0,0,0,0,0,0,17,0,0,0,0,106,1,0,0,12,0,0,0,0,0,0,73,0,0,0,0,0,7,0,6,0,0,0,0,0,0,3,0,0,0,0,0,0,0,0,5,0,0,0,0,21,0,0,0,0,0,0,0,3,0,2,32,1,0,0,0,0,0,160,0,0,10,0,0,0,1,0,0,0,0,0,0,0,0,0,0,0,0,0,0,0,0,0,0,9,3,6,0,0,0,0,0,0,0,0,0,0,9,0,0,0,3,0,77,1,0,0,4,0,0,0,5,0,2,0,0,0,0,1,0,0,67,0,97,0,0,0,3,0,0,0,0,2,0,0,0,0,0,0,0,0,0,0,0,0,0,0,6,0,0,0,3,0,0,0,7,0,0,0,0,0,0,0,0,0,2,0,0,0,0,0,0,0,0,0,1,0,0,0,0,0,0,0,0,0,0,0,0,0,0,0,0,0,0,4,0,0,0,0,8,0,0,0,0,0,0,0,2,0,0,0,0,0,0,0,0,0,0,0,0,0,0,1,0,0,0,15,0,2,0,0,0,0,0,0,0,0,0,3,0,0,0,0,0,0,3,0,1,0,0,0,0,0,0,0,0,0,0,0,0,0,0,0
124,"lib_J_tag_ATCAGT","J-13","J_ATCAGT","J","ATCAGT","PCT-C-0000","spatial",0,"C",3,"environmental",-122.3839508,47.71100538,3,1,1,36178,8253,18696,0,21636,1387,3051,841,0,0,26419,0,0,0,0,1,0,0,0,0,5183,0,0,0,0,0,1,0,0,0,0,0,399,3,0,28,1,0,0,0,0,108,40,0,0,0,0,0,0,0,0,0,763,0,334,0,0,0,0,0,0,17,4299,0,281,0,0,0,3,361,0,0,0,0,4,0,6,350,1147,0,5,0,0,0,0,0,0,11,0,0,0,0,43,0,0,0,5,0,0,0,0,0,0,42,0,0,0,0,0,1,0,3,0,0,0,0,0,0,5,0,0,0,0,0,0,0,0,2,0,0,0,0,18,0,0,0,0,0,1,0,1,0,0,15,1,0,0,0,0,0,110,0,0,7,0,0,0,0,0,0,0,0,0,0,0,0,0,0,0,0,0,0,0,0,0,0,5,1,3,0,0,0,0,0,0,0,0,0,0,9,0,0,0,1,0,56,1,0,0,1,0,0,0,2,0,0,0,0,0,0,0,0,0,29,0,78,0,0,0,1,0,0,0,0,1,0,0,0,0,0,0,0,0,0,0,0,0,0,0,12,0,0,0,3,0,0,0,3,0,0,0,0,0,0,0,0,0,2,0,0,0,0,0,0,0,0,0,0,0,0,0,0,0,0,0,0,0,0,0,0,0,0,0,0,0,0,3,0,0,0,0,3,0,0,0,0,0,0,0,1,0,0,0,0,0,0,0,0,0,0,0,0,0,0,1,0,0,0,10,0,1,0,0,0,0,0,0,0,0,0,1,0,0,0,0,0,0,2,0,0,0,0,0,0,0,0,0,0,0,0,0,0,0,0,0
126,"lib_J_tag_GCTACA","J-27","J_GCTACA","J","GCTACA","PCT-C-0000","spatial",0,"C",4,"environmental",-122.3839508,47.71100538,4,1,1,35725,7196,19080,0,22237,1269,2606,863,0,0,26589,0,0,0,0,3,0,0,0,0,4906,0,0,0,0,0,0,0,0,0,0,0,329,2,0,31,0,0,0,0,0,98,43,0,0,0,0,0,0,0,0,0,1317,0,475,0,0,0,0,0,0,12,3972,0,373,0,0,0,4,629,0,0,0,0,3,0,8,639,983,0,9,0,0,0,0,0,0,17,0,0,0,0,100,0,0,0,7,0,0,0,0,0,0,54,0,0,0,0,0,7,0,4,0,0,0,0,0,0,2,0,0,0,0,0,0,0,0,3,0,0,0,0,23,0,0,0,0,0,1,0,1,0,1,28,1,0,0,0,0,0,192,0,0,12,0,0,0,0,0,0,0,0,0,0,0,0,0,0,0,0,0,0,0,0,0,0,6,3,5,0,0,0,0,0,0,0,0,0,0,11,0,0,0,2,0,83,0,0,0,0,0,0,0,6,0,1,0,0,0,0,0,0,0,56,0,113,0,0,0,1,0,0,0,0,2,0,0,0,0,0,0,0,0,0,0,0,0,0,0,10,0,0,0,3,0,0,0,8,0,0,0,0,0,0,0,0,0,1,0,0,0,0,0,0,0,0,0,0,0,0,0,0,0,0,0,0,0,0,0,0,0,0,0,0,0,0,4,0,0,0,0,11,0,0,0,0,0,0,0,1,0,0,0,0,0,0,0,0,0,0,0,0,0,0,2,0,0,0,15,0,2,0,0,0,0,0,0,0,0,0,0,0,0,0,0,0,0,6,0,0,0,0,0,0,0,0,0,0,0,0,0,0,0,0,0
128,"lib_E_tag_ACACAC","E-1","E_ACACAC","E","ACACAC","PCT-C-0075","spatial",75,"C",1,"environmental",-122.3847178,47.71143844,5,2,2,34928,21786,0,906,0,269,1840,1,0,34817,0,21657,0,0,0,0,6575,0,59,0,988,0,0,0,0,0,1,0,0,0,0,0,3,4,0,3,0,0,0,0,0,532,0,0,0,0,1360,0,0,0,0,0,0,0,0,0,0,0,0,0,0,7,0,1,0,0,0,883,0,0,0,0,0,0,0,314,20,0,0,0,28,0,0,0,0,0,0,55,274,0,1,286,28,0,172,342,0,203,0,0,13,3,0,20,0,178,0,1,0,0,0,7,0,0,2,0,0,0,4,0,0,175,0,0,3,0,0,10,0,0,6,0,0,0,147,70,0,0,0,0,2,7,0,7,0,69,7,0,0,0,0,104,0,0,0,93,0,0,0,0,0,0,0,0,0,0,0,0,45,0,0,13,4,0,0,0,0,7,3,0,75,9,0,1,0,0,0,0,0,13,0,0,0,6,0,0,0,0,0,4,0,0,0,1,1,9,0,51,0,0,9,0,0,0,67,0,0,0,0,0,17,0,0,0,7,0,0,0,0,0,0,0,23,106,0,0,46,1,0,3,0,0,0,2,31,27,0,8,0,0,21,0,0,42,0,0,0,4,2,0,0,0,0,0,36,25,0,4,0,0,0,20,43,0,7,0,0,0,0,19,30,0,23,0,0,0,0,0,22,0,0,4,0,0,0,0,0,0,0,0,0,2,12,0,11,23,0,0,0,0,0,0,0,0,0,0,0,0,0,0,0,2,0,0,0,0,0,0,0,0,1,5,0,0,0,0,0,0,0,1,0,0,0,0,0,0,0,0,0,0,0,0,0,0,0
129,"lib_H_tag_ACACAC","H-1","H_ACACAC","H","ACACAC","PCT-C-0075","spatial",75,"C",2,"environmental",-122.3847178,47.71143844,6,2,2,35702,21358,5,892,1,284,1721,0,0,35160,1,21739,0,0,0,0,6590,0,1,0,966,0,0,0,0,0,0,2,0,0,0,0,2,0,0,1,0,0,0,0,0,510,0,0,0,0,1322,0,0,0,0,0,0,0,0,0,0,0,0,0,0,3,0,0,0,0,0,809,0,0,0,0,0,0,0,308,14,0,0,0,33,0,2,0,0,0,0,41,267,0,1,250,16,0,158,276,0,168,0,0,12,0,0,24,0,170,0,0,0,0,0,6,0,0,0,0,0,0,6,0,0,125,0,0,4,0,0,9,0,0,7,0,0,0,129,76,0,0,0,0,3,3,0,4,0,57,5,0,0,0,0,96,0,0,0,80,0,0,2,0,0,0,0,0,0,0,0,0,51,0,0,9,3,0,0,0,0,9,3,0,83,9,0,0,0,0,0,0,0,8,0,0,0,3,0,0,0,0,0,8,0,0,0,2,0,4,0,38,0,0,6,0,0,0,55,0,0,0,0,0,17,0,0,0,4,0,0,0,0,0,0,0,17,84,0,0,27,3,0,1,0,0,0,2,42,31,0,6,0,0,22,0,0,39,0,0,0,1,1,0,0,0,0,0,44,24,0,3,0,0,0,22,36,0,3,0,0,0,0,7,24,0,17,0,0,0,0,0,17,0,0,6,0,0,0,0,0,0,0,0,0,0,6,0,10,20,0,0,0,0,0,0,0,0,0,0,0,0,0,0,0,1,0,0,0,0,0,0,0,0,0,5,0,0,0,0,0,0,0,2,0,0,0,0,0,0,0,0,0,0,0,0,0,0,2
131,"lib_J_tag_CACGAT","J-18","J_CACGAT","J","CACGAT","PCT-C-0075","spatial",75,"C",3,"environmental",-122.3847178,47.71143844,7,2,2,36560,17674,0,669,0,290,1326,0,0,36874,0,22996,0,0,0,0,6390,0,0,0,832,0,0,0,0,0,0,0,0,0,0,0,3,3,0,1,0,0,0,0,0,374,0,0,0,0,1090,0,0,0,0,0,0,0,0,0,0,0,0,0,0,3,0,0,0,0,0,872,0,0,0,0,0,0,0,512,12,0,0,0,38,0,0,1,0,0,0,52,363,0,0,428,41,0,266,417,0,246,0,0,10,0,0,18,0,210,0,0,0,0,0,2,0,0,0,0,0,0,4,0,0,130,0,0,4,0,0,4,0,0,2,0,0,0,109,106,0,0,0,0,3,5,0,12,0,71,2,0,0,0,0,148,0,0,0,134,0,0,1,0,0,0,0,0,0,0,0,0,78,0,0,13,1,0,0,0,0,7,6,0,58,10,0,1,0,0,0,0,0,8,0,0,0,2,0,0,0,0,0,5,0,0,0,3,0,3,0,55,0,0,2,0,0,0,54,0,0,0,0,0,17,0,0,0,11,0,0,0,0,0,0,0,24,114,0,0,23,1,0,0,0,0,0,2,74,16,0,3,0,0,26,0,0,43,0,0,0,2,0,0,0,0,0,0,47,29,0,5,0,0,0,25,40,0,3,0,0,0,0,17,21,0,24,0,0,0,0,0,15,0,0,3,0,0,0,0,0,0,0,0,0,2,14,0,7,15,0,0,0,0,0,0,0,0,0,0,0,0,0,0,0,2,0,1,0,0,0,0,0,0,1,3,0,0,0,0,0,0,0,1,0,0,0,0,0,0,0,0,0,0,0,0,0,0,0
130,"lib_K_tag_GCAGTG","K-11","K_GCAGTG","K","GCAGTG","PCT-C-0075","spatial",75,"C",4,"environmental",-122.3847178,47.71143844,8,2,2,36213,19279,1,692,0,252,1370,1,0,36735,0,21762,0,0,0,0,6036,0,0,0,817,1,0,0,0,0,0,0,0,0,0,0,0,1,0,1,0,0,0,0,0,340,0,0,0,0,1059,0,0,0,0,0,0,0,0,0,0,0,0,0,0,2,0,0,0,0,0,905,0,0,0,0,0,0,0,515,16,0,0,0,38,0,0,0,0,0,0,62,403,0,0,453,40,0,259,472,0,284,0,0,8,0,0,26,0,259,0,0,0,0,0,3,0,0,0,0,0,0,5,0,0,156,0,0,3,0,0,11,0,0,7,0,0,0,119,113,0,0,0,0,4,3,0,14,0,78,4,0,0,0,0,159,0,0,0,144,0,0,5,0,0,0,0,0,0,0,0,0,77,0,0,18,3,0,0,0,0,12,7,0,75,7,0,0,0,0,0,0,0,6,0,0,0,3,0,0,0,0,0,6,0,0,0,4,0,5,0,59,0,0,3,0,0,0,62,0,0,0,0,0,14,0,0,0,6,0,0,0,0,0,0,0,32,123,0,0,30,0,0,0,0,0,0,5,79,25,0,4,0,0,25,0,0,40,0,0,0,3,2,0,0,0,0,0,54,29,0,7,0,0,0,26,51,0,2,0,0,0,0,13,27,0,32,2,0,0,0,0,13,0,0,5,0,0,0,0,0,0,0,0,0,2,17,0,8,26,0,0,0,0,0,0,0,0,0,0,0,0,0,0,0,2,0,1,0,0,0,0,0,0,1,8,0,0,0,0,0,0,0,3,0,0,0,0,0,0,0,0,0,0,0,0,0,0,1
133,"lib_F_tag_GCGAGT","F-16","F_GCGAGT","F","GCGAGT","PCT-C-0125","spatial",125,"C",1,"environmental",-122.3852292,47.71172715,9,3,3,10934,41409,2,458,46,508,0,0,0,0,0,0,0,0,0,28822,0,0,0,0,467,0,20222,0,0,0,4,0,4,0,0,0,238,0,0,0,0,0,0,15739,0,192,0,1080,0,2542,3430,0,0,0,0,0,0,0,0,0,0,0,0,0,0,90,79,0,0,0,0,0,9,0,0,0,0,0,0,0,0,0,0,0,34,0,0,0,0,0,0,25,0,0,3,0,15,0,0,0,0,0,0,0,2,0,627,4,0,0,0,0,0,0,0,0,0,0,0,0,0,0,0,0,1147,0,0,0,2,0,0,2,242,0,3,0,0,0,0,0,1,0,0,0,0,4,0,3,0,0,2,38,0,460,0,0,0,4,0,0,0,0,4,12,0,0,0,0,0,0,0,0,0,0,0,0,0,0,171,0,40,1,0,0,0,0,29,0,0,0,0,0,0,174,0,263,0,0,0,0,0,0,0,5,0,0,0,1,0,2,16,0,0,0,4,0,0,1,0,0,0,0,0,0,6,0,0,0,1,0,0,0,0,0,0,1,0,0,0,46,0,0,82,2,0,0,0,1,0,0,0,1,0,0,0,50,0,0,0,0,0,1,0,0,0,0,11,0,0,0,0,3,0,0,0,0,0,0,0,0,0,0,0,0,0,51,0,1,0,0,0,0,0,0,42,2,0,0,0,0,0,0,0,0,0,0,0,0,13,0,0,0,0,0,1,0,0,30,3,0,45,0,0,0,0,0,0,0,0,24,18,0,0,21,2,0,0,0,0,0,0,0,1,0,0,0,0,15,0,0,3,0,3,0,12,0,0,0,0
132,"lib_G_tag_ATCAGT","G-13","G_ATCAGT","G","ATCAGT","PCT-C-0125","spatial",125,"C",2,"environmental",-122.3852292,47.71172715,10,3,3,11743,41402,2,477,37,574,0,0,1,0,2,0,0,0,0,29377,8,0,0,0,482,0,19510,0,0,0,3,2,4,1,1,0,328,1,0,0,0,0,0,15415,1,210,0,1367,7,2833,3726,0,0,0,0,0,0,0,0,0,0,0,0,0,0,123,91,1,0,0,0,0,9,0,0,2,0,0,0,0,0,0,0,0,35,0,0,0,0,0,0,14,0,0,2,0,2,0,0,0,0,0,0,0,1,0,398,6,0,0,0,0,0,0,1,0,0,0,0,0,0,0,0,1,704,0,0,0,0,0,0,1,130,0,2,0,0,0,0,0,3,0,0,0,0,2,0,2,0,0,2,17,0,260,0,0,0,4,0,0,0,0,3,10,0,0,0,0,0,0,0,0,0,0,0,0,0,0,99,0,27,2,2,0,0,0,15,0,0,0,0,0,0,200,0,188,0,1,0,0,0,0,0,4,0,0,0,0,0,2,6,0,0,0,2,0,0,1,0,0,0,0,0,1,2,0,0,0,1,0,0,0,0,0,0,1,0,0,0,29,0,0,53,0,0,0,0,0,0,0,0,1,0,0,0,39,0,0,0,0,0,1,0,0,0,0,13,0,0,0,0,2,0,0,0,0,0,0,0,0,0,0,0,0,0,44,0,1,0,0,0,0,0,0,18,0,0,0,0,0,0,0,0,0,0,0,0,0,7,0,0,0,0,0,4,0,0,14,2,0,40,0,0,0,0,0,0,0,0,20,14,0,0,9,1,0,0,0,0,0,0,0,1,0,0,0,0,7,0,0,3,0,1,0,9,0,0,0,0
135,"lib_K_tag_ATGATA","K-24","K_ATGATA","K","ATGATA","PCT-C-0125","spatial",125,"C",3,"environmental",-122.3852292,47.71172715,11,3,3,12553,39446,1,407,52,645,1,0,0,0,1,0,0,0,0,31532,0,0,0,0,533,0,19165,0,0,0,4,0,5,0,0,0,319,1,0,0,0,0,0,14455,0,209,0,1369,0,2885,3846,0,0,0,0,0,0,0,0,0,0,0,0,0,0,135,104,0,0,0,0,0,16,0,0,0,0,0,0,0,0,0,0,0,25,0,0,0,0,0,0,18,0,0,3,0,4,0,0,0,0,0,0,0,2,0,371,4,0,0,0,0,0,0,0,0,0,0,0,0,0,0,0,0,733,0,0,0,1,0,0,2,105,0,2,0,0,0,0,0,9,0,0,0,0,1,0,2,0,0,3,12,0,259,0,0,0,3,0,0,0,0,2,8,0,0,0,0,0,0,0,0,0,0,0,0,1,0,100,0,18,1,1,0,0,0,16,0,0,0,0,0,0,227,0,222,0,1,0,0,0,0,0,1,0,0,0,0,0,1,8,0,0,0,3,0,0,1,0,0,0,0,0,1,7,0,0,0,1,0,0,0,0,0,0,1,0,0,0,34,0,0,73,0,0,0,0,2,0,0,0,0,0,0,0,33,0,0,0,0,0,0,0,0,0,0,10,0,0,0,0,2,0,0,0,0,0,0,0,0,0,0,0,0,0,30,0,1,0,0,0,0,0,0,25,1,0,0,0,0,0,0,0,0,0,0,0,0,8,0,0,0,0,0,3,0,0,23,4,0,47,0,0,0,0,0,0,0,0,16,15,0,0,15,0,0,0,0,0,0,0,0,0,0,0,0,0,7,0,0,5,0,3,0,9,0,0,0,0
134,"lib_K_tag_GCGTAG","K-22","K_GCGTAG","K","GCGTAG","PCT-C-0125","spatial",125,"C",4,"environmental",-122.3852292,47.71172715,12,3,3,11088,40359,0,430,38,564,1,0,1,0,1,0,0,0,0,29044,0,0,1,0,474,0,20422,1,0,0,4,0,6,0,0,0,255,1,0,0,0,0,0,15897,0,176,0,1175,0,2634,3424,0,0,0,0,0,0,0,0,0,0,0,0,0,0,104,80,0,0,0,0,0,6,0,0,0,0,0,0,0,0,0,0,0,37,0,0,0,0,0,0,30,0,0,4,0,15,0,0,0,0,0,0,0,3,0,650,4,0,0,0,0,0,0,0,0,0,0,0,0,0,0,0,0,1193,0,0,0,1,0,0,3,237,0,1,0,0,0,0,0,3,0,0,0,0,5,0,4,0,0,4,31,0,510,0,0,0,5,0,0,0,0,3,12,0,0,0,0,0,0,0,0,0,0,0,0,1,0,153,0,41,2,3,0,0,0,26,0,0,0,0,0,0,148,0,253,0,2,0,0,0,0,0,5,0,0,0,1,0,1,14,0,0,0,2,0,0,2,0,0,0,0,0,0,13,0,0,0,2,0,0,0,0,0,0,2,0,0,0,47,0,1,86,2,0,0,0,6,0,0,0,3,0,0,0,45,0,0,0,0,0,1,0,0,0,0,14,0,0,0,0,3,0,0,0,0,0,0,0,0,0,0,0,0,0,37,0,1,0,0,0,0,0,0,42,2,0,0,0,0,0,0,0,0,0,0,0,0,15,0,0,0,0,0,2,0,0,30,4,0,54,0,1,0,0,0,0,0,0,17,17,0,0,18,1,0,0,0,0,0,0,0,1,1,0,0,0,17,0,0,3,0,3,0,11,0,0,0,1
139,"lib_A_tag_ATGATA","A-24","A_ATGATA","A","ATGATA","PCT-C-0250","spatial",250,"C",1,"environmental",-122.3865076,47.71244891,13,4,4,25220,21,9,4121,13,6,11,5,0,1,3,1,0,0,0,12,3,1,0,1,23244,0,8,3,40837,0,45,0,2387,2,0,0,1848,6244,1,0,1,0,0,0,0,7388,0,10620,0,2611,0,0,0,0,0,0,0,0,1,0,0,0,1,0,3291,653,0,0,0,0,1,0,2,0,0,0,0,0,0,0,0,0,0,0,0,0,0,0,0,0,0,0,0,0,0,0,42,0,0,0,0,0,0,0,12,0,0,173,0,0,0,0,0,0,0,0,0,0,0,0,0,0,0,0,0,0,0,0,3,0,0,199,0,8,23,0,0,0,0,0,73,0,0,0,0,0,0,41,0,0,0,0,0,0,0,0,0,0,0,0,0,0,0,230,0,0,0,0,0,0,0,0,0,0,0,0,0,0,0,0,0,71,136,0,0,0,0,1,0,89,0,0,0,2,0,0,0,72,0,0,0,0,0,0,0,0,0,33,0,67,0,0,0,0,0,0,0,0,0,0,0,0,0,8,0,0,0,0,6,0,0,0,0,0,0,0,0,0,0,0,0,0,0,40,64,0,0,0,0,0,0,1,0,0,0,0,0,0,0,0,0,25,0,0,0,0,0,0,0,0,0,0,0,0,0,0,0,0,0,0,0,0,0,0,3,0,0,0,0,0,0,0,0,0,0,2,0,0,0,0,0,0,0,0,0,0,0,0,0,0,0,0,0,0,31,0,0,0,0,0,0,0,0,0,0,0,0,0,0,0,0,0,0,0,0,0,0,0,0,0,0,0,15,10,0,0,0,0,0,0,9,0,23,0,0,0,0,0,0
136,"lib_E_tag_TGTATG","E-10","E_TGTATG","E","TGTATG","PCT-C-0250","spatial",250,"C",2,"environmental",-122.3865076,47.71244891,14,4,4,25919,13,33,4169,0,1,13,70,0,0,0,0,0,0,0,0,0,0,0,0,23086,3,1,0,39842,0,31,0,2288,0,0,7,1712,5969,0,4,1,0,0,0,0,7048,1,10280,0,2321,0,0,0,0,0,0,0,0,0,0,4,0,0,0,4356,521,0,0,0,0,0,0,4,0,0,0,0,0,2,0,0,0,0,0,0,0,0,0,0,0,0,0,0,0,0,0,85,0,0,0,0,0,0,0,19,0,0,275,0,0,0,0,0,0,0,0,0,0,0,0,0,0,0,0,0,0,0,0,6,0,0,332,0,6,37,0,0,0,0,0,71,0,0,0,0,0,0,67,0,0,0,0,0,0,0,0,0,0,0,0,0,0,0,302,0,0,0,0,0,0,0,0,0,0,0,0,0,0,0,0,0,129,167,0,0,0,0,0,0,179,0,0,0,0,0,0,0,119,0,0,0,0,0,0,0,0,0,59,0,88,0,0,0,0,0,0,0,0,0,0,0,0,0,11,0,0,0,0,11,0,0,0,0,0,0,0,0,0,0,0,0,0,0,40,84,0,0,0,0,0,0,3,0,0,0,0,0,0,0,0,0,34,0,0,0,0,0,0,0,0,0,0,0,0,0,0,0,0,0,0,0,0,0,0,2,0,0,0,0,0,0,0,0,0,0,4,0,0,0,0,0,0,0,0,0,0,0,0,0,0,0,0,0,0,34,0,0,0,0,0,0,0,0,0,0,0,0,0,0,0,0,0,0,0,0,0,0,0,0,0,0,0,34,17,0,0,0,0,0,0,16,0,25,0,0,0,0,0,0
138,"lib_F_tag_CACGAT","F-18","F_CACGAT","F","CACGAT","PCT-C-0250","spatial",250,"C",3,"environmental",-122.3865076,47.71244891,15,4,4,26274,0,0,3688,0,0,0,0,0,0,0,0,0,0,0,0,0,0,0,0,23165,0,0,0,41071,0,30,0,2030,0,0,0,1465,5714,0,0,0,0,0,0,0,6649,0,9374,0,2182,0,0,0,0,0,0,0,0,0,0,0,0,0,0,5326,417,0,0,0,0,0,0,2,0,0,0,0,0,0,0,0,0,0,0,0,0,0,0,0,0,0,0,0,0,0,0,157,0,0,0,0,0,0,0,33,0,0,235,0,0,0,0,0,0,0,0,0,0,0,0,0,0,0,0,0,0,0,0,6,0,0,350,0,6,31,0,0,0,0,0,60,0,0,0,0,0,0,72,0,0,0,0,0,0,0,0,0,0,0,0,0,0,0,275,0,0,0,0,0,0,0,0,0,0,0,0,0,0,0,0,0,214,169,0,0,0,0,1,0,270,0,0,0,0,0,0,0,109,0,0,0,0,0,0,0,0,0,90,0,104,0,0,0,0,0,0,0,0,0,0,0,0,0,8,0,0,0,0,15,0,0,0,0,0,0,0,0,0,0,0,0,0,0,46,102,0,0,0,0,0,0,10,0,0,0,0,0,0,0,0,0,46,0,0,0,0,0,0,0,0,0,0,0,0,0,0,0,0,0,0,0,0,0,0,3,0,0,0,0,0,0,0,0,0,0,8,0,0,0,0,0,0,0,0,0,0,0,0,0,0,0,0,0,0,31,0,0,0,0,0,0,0,0,0,0,0,0,0,0,0,0,0,0,0,0,0,0,0,0,0,0,0,43,17,0,0,0,0,0,0,11,0,25,0,0,0,0,0,0
137,"lib_H_tag_TCGTCA","H-14","H_TCGTCA","H","TCGTCA","PCT-C-0250","spatial",250,"C",4,"environmental",-122.3865076,47.71244891,16,4,4,25968,8,1,3933,1,2,0,0,0,0,0,8,0,0,0,4,1,0,0,1,23479,0,0,0,40695,0,29,1,2124,0,0,0,1593,5483,0,0,0,0,0,0,0,6776,0,9447,2,2276,0,0,3,0,0,0,0,0,0,0,0,0,0,0,5077,448,0,0,0,0,0,0,3,0,0,0,0,0,0,0,0,0,0,0,0,0,0,0,0,0,0,0,0,0,0,0,136,0,0,0,0,0,0,0,29,0,0,277,0,0,0,0,0,0,0,0,0,0,0,0,0,0,0,0,0,0,0,0,7,0,0,329,0,4,42,0,0,0,0,0,66,0,0,0,0,0,0,74,0,0,0,0,0,0,0,0,0,0,0,0,0,0,0,315,0,0,0,0,0,0,0,0,0,0,0,0,0,0,0,0,0,176,194,0,0,0,0,1,0,242,0,0,0,1,0,0,0,129,0,0,0,0,0,0,0,0,0,74,0,108,0,0,0,0,0,0,0,0,0,0,0,0,0,9,0,0,0,0,17,0,0,0,0,0,0,0,0,0,0,0,0,0,0,42,94,0,0,0,0,0,0,4,0,0,0,0,0,0,0,0,0,48,0,0,0,0,0,0,0,0,0,0,0,0,0,0,0,0,0,0,0,0,0,0,4,0,0,0,0,0,0,0,0,0,0,6,0,0,0,0,0,0,0,0,0,0,0,0,0,0,0,0,0,0,32,0,0,0,0,0,0,0,0,0,0,0,0,0,0,0,0,0,0,0,0,0,0,0,0,0,0,0,42,20,0,0,0,0,0,0,19,0,27,0,0,0,0,0,0
141,"lib_B_tag_GCGCTC","B-4","B_GCGCTC","B","GCGCTC","PCT-C-0500","spatial",500,"C",1,"environmental",-122.3890646,47.71389239,17,5,5,21225,7669,13547,490,9148,1474,214,1,2,9639,11071,21047,0,0,0,27,358,0,0,478,41,0,0,0,0,9784,2,0,0,0,7424,4914,0,3,0,0,3,0,0,0,246,68,19,0,0,0,0,0,0,0,0,0,1082,1,272,0,0,2610,0,814,0,0,109,0,200,0,0,213,116,372,0,0,848,0,0,242,1,251,0,0,5,0,27,0,0,0,0,16,208,0,0,101,4,361,140,113,0,53,0,304,4,0,0,1,0,66,0,0,0,0,0,0,0,0,0,0,267,0,1,0,0,76,0,232,1,329,207,0,0,0,2,0,0,0,46,59,0,0,0,0,1,2,2,1,0,58,3,0,0,0,93,79,0,17,0,105,0,0,1,0,0,0,0,0,112,0,0,0,22,0,0,1,1,0,0,0,0,0,0,0,18,2,0,0,0,0,0,0,0,0,0,0,0,0,0,51,0,0,0,2,0,0,0,0,0,0,0,9,0,0,2,0,0,4,19,41,0,0,0,0,0,0,0,0,1,0,0,0,0,0,37,0,19,16,47,0,15,1,0,0,0,0,0,0,12,14,0,0,0,0,18,0,0,15,0,0,0,0,0,0,0,0,0,0,7,7,0,2,0,0,0,13,6,0,0,0,0,0,0,11,10,0,0,1,0,0,0,0,12,0,0,1,0,0,0,0,0,0,0,0,0,0,2,0,0,19,0,0,0,0,0,0,0,0,0,0,0,0,2,0,0,1,0,1,0,0,0,0,0,0,0,0,0,0,20,0,0,6,0,0,0,0,0,0,0,0,0,0,0,0,0,0,0,0,0
140,"lib_C_tag_ACACAC","C-1","C_ACACAC","C","ACACAC","PCT-C-0500","spatial",500,"C",2,"environmental",-122.3890646,47.71389239,18,5,5,21312,16487,1,966,0,703,531,0,0,21472,0,48211,0,0,0,1,958,0,0,0,29,0,0,0,0,0,3,0,0,0,15947,0,0,6,0,0,11,0,0,0,0,175,0,0,0,0,0,0,0,0,0,0,0,0,0,0,0,0,0,0,0,0,0,0,0,0,0,412,301,0,0,0,0,0,0,361,3,0,0,0,10,0,0,0,0,0,0,22,339,0,0,132,2,0,233,166,0,71,0,0,6,0,0,1,0,92,0,0,0,0,0,1,0,0,0,0,0,0,2,0,0,143,0,0,1,0,0,1,0,0,5,0,0,0,73,78,0,0,0,0,1,6,0,0,0,84,4,0,0,0,0,131,0,0,0,146,0,0,2,0,0,0,0,0,0,0,0,0,32,0,0,1,3,0,0,0,0,1,0,0,36,1,0,0,0,0,0,0,0,1,0,0,0,0,0,0,1,0,0,6,0,0,0,0,0,0,0,16,0,0,4,0,0,0,26,0,0,0,0,0,0,0,0,0,4,0,0,0,0,0,0,0,32,38,129,0,34,9,0,0,0,0,0,0,10,35,0,0,0,0,25,0,0,21,0,0,0,0,0,0,0,0,0,0,12,9,0,0,0,0,0,23,8,0,0,0,0,0,0,14,12,0,0,0,0,0,0,0,18,0,0,0,0,0,0,0,0,0,0,0,0,0,4,0,0,30,0,0,0,0,0,0,0,0,0,0,0,0,0,0,0,1,0,0,0,0,0,0,0,0,0,0,0,0,23,0,0,0,0,0,0,0,0,0,0,0,0,0,0,0,0,0,0,0,2
142,"lib_J_tag_ACGACG","J-6","J_ACGACG","J","ACGACG","PCT-C-0500","spatial",500,"C",3,"environmental",-122.3890646,47.71389239,19,5,5,21654,15462,0,883,0,663,438,0,0,21830,0,49747,0,0,0,0,807,0,0,0,21,0,0,0,0,0,4,0,0,0,14481,0,0,6,0,0,4,0,0,0,0,123,0,0,0,0,0,0,0,0,0,0,0,0,0,0,0,0,0,0,0,1,0,0,0,0,0,437,268,0,0,0,0,0,0,504,3,0,0,0,10,0,0,0,0,0,0,27,483,0,0,187,2,0,280,232,0,108,0,0,6,0,0,3,0,131,0,0,0,0,0,1,0,0,0,0,0,0,1,0,0,158,0,0,1,0,0,1,0,0,4,0,0,0,70,110,0,0,0,0,1,1,0,0,0,114,2,0,0,0,0,159,0,0,0,193,0,0,3,0,0,0,0,0,0,0,0,0,39,0,0,5,3,0,0,0,0,0,0,0,41,5,0,0,0,0,0,0,0,0,0,0,0,0,0,0,0,0,0,2,0,0,0,1,0,0,0,14,0,0,1,0,0,0,31,0,0,0,0,0,0,0,0,0,2,0,0,0,0,0,0,0,35,29,84,0,22,2,0,0,0,0,0,0,29,30,0,0,0,0,35,0,0,25,0,0,0,1,0,0,0,0,0,0,26,15,0,1,0,0,0,26,5,0,1,0,0,0,0,16,19,0,1,2,0,0,0,0,20,0,0,0,0,0,0,0,0,0,0,0,0,1,6,0,0,36,0,0,0,0,0,0,0,0,0,0,0,0,0,0,0,1,0,2,0,0,0,0,0,0,0,1,0,0,29,0,0,0,0,0,0,0,0,0,0,0,0,0,0,0,0,0,0,0,0
143,"lib_J_tag_ATGTGC","J-30","J_ATGTGC","J","ATGTGC","PCT-C-0500","spatial",500,"C",4,"environmental",-122.3890646,47.71389239,20,5,5,22373,16159,0,864,0,733,475,0,0,21446,0,46762,0,0,1,0,933,0,0,0,19,0,0,0,0,0,2,0,0,0,16173,0,0,4,0,0,6,0,0,0,0,151,0,0,0,0,0,0,0,0,0,0,0,0,0,0,0,0,0,0,0,0,0,0,0,0,0,484,289,0,0,0,0,0,0,481,5,0,0,0,12,0,0,0,0,0,0,30,432,0,0,204,1,0,271,230,0,100,0,0,15,0,0,1,0,138,0,0,0,0,0,1,0,0,0,0,0,0,1,0,0,160,0,0,1,0,0,1,0,0,6,0,0,0,82,94,0,0,0,0,0,4,0,0,0,103,3,0,0,0,0,142,0,0,0,194,0,0,1,0,0,0,0,0,0,0,0,0,40,0,0,1,3,0,0,0,0,0,2,0,47,2,0,1,0,0,0,0,0,0,0,0,0,0,0,0,0,0,0,3,0,0,0,0,0,0,0,15,0,0,2,0,0,0,40,0,0,0,0,0,0,0,0,0,3,0,0,0,0,0,0,0,35,37,106,0,22,2,0,0,0,0,0,0,23,25,0,0,0,0,25,0,0,24,0,0,0,0,0,0,0,0,0,0,12,13,0,4,0,0,0,28,9,0,1,0,0,0,0,14,24,0,1,0,0,0,0,0,18,0,0,0,0,0,0,0,0,0,0,0,0,0,5,0,0,40,0,0,0,0,0,0,0,0,0,0,0,0,0,0,0,1,0,1,0,0,0,0,0,0,0,1,0,0,37,0,0,0,0,0,0,0,0,0,0,0,0,0,0,0,0,0,0,0,1
144,"lib_C_tag_GCAGTG","C-11","C_GCAGTG","C","GCAGTG","PCT-C-1000","spatial",1000,"C",1,"environmental",-122.394179,47.71677918,21,6,6,60389,29548,1,380,14,1920,1816,0,0,0,0,369,0,0,0,15019,4783,0,0,0,89,0,10743,0,0,0,0,0,0,0,0,0,2,49,0,0,449,0,0,0,0,74,0,0,0,7,0,0,0,0,0,0,0,0,0,0,0,0,0,0,0,0,14,0,0,0,2375,0,0,0,0,0,0,0,0,0,33,0,0,0,19,0,0,0,0,392,0,158,0,0,0,0,16,0,0,0,0,0,470,0,15,0,0,6,0,0,0,0,0,0,0,6,0,0,0,0,0,0,9,0,0,0,0,0,4,0,0,1,174,0,7,0,0,0,0,9,0,0,0,0,8,1,0,3,0,1,2,158,0,0,0,0,0,22,0,12,0,0,5,0,0,0,0,0,0,0,0,0,4,0,0,24,1,0,105,0,5,1,0,0,0,4,34,0,0,0,0,0,0,0,0,0,0,0,0,8,1,9,0,15,0,0,0,1,0,0,38,16,0,0,8,0,0,4,0,0,0,0,0,0,0,0,8,0,3,0,0,0,0,8,0,0,0,6,0,12,0,0,1,0,0,0,0,0,3,2,0,2,89,55,0,45,0,0,0,0,0,1,2,0,0,0,5,0,2,0,0,0,26,0,0,1,0,0,1,0,0,0,0,0,0,16,0,2,0,0,0,0,1,0,0,1,0,0,0,0,0,0,0,0,0,4,0,0,0,0,0,0,0,0,0,0,0,20,0,0,0,0,1,24,0,10,0,1,0,1,2,0,0,6,1,5,35,0,0,0,0,0,0,0,0,0,0,0,0,0,0,0,0,0,0,0,0,0,0
145,"lib_F_tag_GCAGTG","F-11","F_GCAGTG","F","GCAGTG","PCT-C-1000","spatial",1000,"C",2,"environmental",-122.394179,47.71677918,22,6,6,60839,29235,0,399,23,1846,1865,0,0,0,0,391,0,0,0,14785,4781,0,0,0,103,0,10819,0,0,0,0,0,0,0,0,0,1,47,0,0,452,0,0,0,0,81,0,0,0,15,0,0,0,0,0,0,1,0,0,0,0,0,0,0,0,1,12,0,0,0,2439,0,0,0,0,0,0,0,0,0,21,0,0,0,21,0,0,0,0,352,0,151,0,0,0,0,20,0,0,0,0,0,471,0,17,0,0,4,0,0,0,0,0,0,0,8,0,0,0,0,0,0,8,0,0,0,0,0,3,0,0,1,169,0,4,0,0,0,0,13,0,0,0,0,8,1,0,3,0,1,3,150,0,0,0,0,0,22,0,10,0,0,2,0,0,0,0,0,0,0,0,0,5,0,0,21,2,0,87,0,4,0,0,0,0,4,28,0,0,0,0,0,0,0,0,0,0,0,0,7,1,9,0,17,0,0,0,1,0,0,41,11,0,0,9,0,0,2,0,0,0,0,0,0,0,0,8,0,7,0,0,0,0,6,0,0,0,3,0,12,0,0,2,0,0,0,0,0,3,2,0,4,102,54,0,39,0,0,0,0,0,0,2,0,0,0,5,0,2,0,0,1,25,0,0,1,0,0,1,0,0,0,0,0,0,12,0,2,0,0,0,0,1,0,1,3,0,0,0,0,0,0,0,0,0,4,0,0,0,2,0,0,0,0,0,0,0,18,0,0,0,0,0,31,0,7,0,1,0,1,4,0,0,7,1,4,39,0,0,0,0,0,0,0,0,0,0,0,0,0,0,0,0,0,0,0,0,0,1
147,"lib_G_tag_ATGATA","G-24","G_ATGATA","G","ATGATA","PCT-C-1000","spatial",1000,"C",3,"environmental",-122.394179,47.71677918,23,6,6,58612,29163,2,444,15,2006,2360,1,0,4,5,576,0,0,0,16272,5973,0,0,0,134,0,10389,0,2,0,0,0,0,0,0,0,4,68,2,0,622,0,0,0,0,113,0,0,0,18,0,0,0,0,0,0,0,0,0,0,0,0,0,0,0,0,19,0,0,0,2388,0,0,0,0,0,0,0,0,0,28,0,0,0,11,0,0,0,0,222,0,61,0,0,1,0,4,0,0,0,0,0,271,0,2,0,0,4,0,0,0,0,0,0,0,7,0,0,0,0,0,0,4,0,0,0,0,0,1,0,0,0,83,0,4,0,0,0,0,3,0,0,0,0,2,0,0,2,0,2,2,29,0,0,0,0,0,6,0,9,0,0,1,0,0,0,0,0,0,0,0,0,5,0,0,16,0,0,50,0,2,0,1,0,0,4,14,0,0,0,0,0,0,0,0,0,0,0,0,7,0,6,0,8,0,0,0,0,0,0,23,8,0,0,7,0,0,0,0,0,0,0,0,0,0,0,5,0,1,0,0,0,0,5,0,0,0,3,0,5,0,0,1,0,0,0,0,0,0,2,0,0,19,49,0,28,0,0,0,0,0,0,0,0,0,0,3,0,1,0,0,0,22,0,0,0,0,0,1,0,0,0,0,0,0,5,0,1,0,0,0,0,2,0,0,0,0,0,0,0,0,0,0,0,0,3,0,0,0,0,0,0,0,0,0,0,0,13,0,0,0,0,2,20,0,5,0,0,0,0,1,0,0,7,0,2,12,0,0,0,0,0,0,0,0,0,0,0,0,0,0,0,0,0,0,0,0,0,0
146,"lib_J_tag_GCAGTG","J-11","J_GCAGTG","J","GCAGTG","PCT-C-1000","spatial",1000,"C",4,"environmental",-122.394179,47.71677918,24,6,6,60603,29632,0,437,18,1955,1937,0,0,0,0,394,0,0,0,14320,4806,0,0,0,103,0,10868,0,0,0,0,0,0,0,0,0,3,56,0,0,489,0,0,0,0,76,0,0,0,10,0,0,0,0,0,0,0,0,0,0,0,0,0,0,0,1,15,0,0,0,2471,0,0,0,0,0,0,0,0,0,32,0,0,0,22,0,0,0,0,316,0,164,0,0,1,0,16,0,0,0,0,0,432,0,16,0,0,2,0,0,0,0,0,0,0,8,0,0,0,0,0,0,9,0,0,0,0,0,3,0,0,2,173,0,4,0,0,0,0,10,0,0,0,0,6,1,0,3,0,2,3,150,0,0,0,0,0,18,0,10,0,0,5,0,0,0,0,0,0,0,0,0,5,0,0,23,1,0,98,0,7,1,0,0,0,3,31,0,0,0,0,0,0,0,0,0,0,0,0,10,0,9,0,17,0,0,0,1,0,0,40,11,0,0,8,0,0,2,0,0,0,0,0,0,0,0,10,0,5,0,0,0,0,9,0,0,0,5,0,13,0,0,2,0,0,0,0,0,3,2,0,2,99,42,0,35,0,0,0,0,0,0,1,0,0,0,3,0,2,0,0,0,31,0,0,0,0,0,1,0,0,0,0,0,0,15,0,1,0,0,0,0,0,0,1,3,0,0,0,0,0,0,0,0,0,5,0,0,0,1,0,0,0,0,0,0,0,17,0,0,0,0,1,24,0,5,0,2,0,0,4,0,0,7,1,4,34,0,0,0,0,0,0,0,0,0,0,0,0,0,0,0,0,0,0,0,0,0,1
151,"lib_B_tag_TCTGCG","B-25","B_TCTGCG","B","TCTGCG","PCT-C-2000","spatial",2000,"C",1,"environmental",-122.4044095,47.72255208,25,7,7,45295,64605,0,0,0,2439,5,0,0,0,0,0,0,0,0,0,16282,0,0,0,7,0,0,0,0,0,3,10,0,0,0,0,320,1,0,0,1,0,0,0,0,367,0,0,0,0,0,0,0,0,0,0,0,0,0,0,0,0,0,0,0,0,0,0,0,0,0,0,0,0,0,0,0,0,0,0,0,0,0,0,167,0,0,0,0,0,0,213,0,0,320,0,1,0,0,0,0,0,0,0,0,0,0,1,0,0,0,0,0,0,0,0,0,0,0,0,0,0,0,0,0,0,0,0,0,0,0,0,0,0,0,0,0,0,0,0,3,0,0,0,0,0,0,1,0,0,0,0,0,0,0,0,0,0,0,0,0,0,0,0,0,0,0,0,0,0,0,0,0,0,0,96,0,0,0,0,0,1,1,0,0,90,0,0,0,0,0,0,0,0,0,0,0,0,0,0,0,0,0,28,0,0,0,0,0,0,0,0,0,0,24,0,0,0,0,0,0,0,0,3,0,0,0,0,6,0,0,0,0,0,0,0,0,0,0,0,0,0,0,0,0,0,0,0,0,0,0,0,0,0,0,0,0,0,0,0,0,0,0,0,0,0,0,0,0,0,0,13,0,0,0,0,0,0,20,0,0,0,0,0,0,0,0,0,0,0,0,0,0,0,0,0,0,0,0,0,0,0,0,0,0,13,0,0,0,0,0,0,0,0,0,0,0,0,12,0,0,0,0,0,0,12,0,0,0,0,0,0,0,0,0,6,0,0,0,0,0,0,0,0,0,0,0,0,0,0,0,0,0,0,0,0,0,0,0
148,"lib_C_tag_ACATGT","C-5","C_ACATGT","C","ACATGT","PCT-C-2000","spatial",2000,"C",2,"environmental",-122.4044095,47.72255208,26,7,7,46418,63817,0,0,2,2583,0,0,0,0,0,0,0,0,0,0,15756,0,0,0,12,0,0,0,0,1,6,13,0,0,0,0,375,4,1,0,0,0,0,0,0,465,0,0,0,0,0,0,0,0,0,0,0,0,0,0,0,0,0,0,0,0,0,0,0,0,0,0,0,0,0,0,0,0,0,0,0,0,0,0,123,0,0,0,0,0,0,118,0,0,422,0,0,0,0,0,0,0,0,0,0,0,0,0,0,0,0,0,0,0,0,0,0,0,0,0,0,0,0,0,0,0,0,0,0,0,0,0,0,0,0,0,0,0,0,0,1,0,0,0,0,0,0,2,0,0,0,0,0,0,0,0,0,0,0,0,0,0,0,0,0,0,0,0,0,0,0,0,0,0,0,74,0,0,0,0,0,0,1,0,0,55,0,0,0,0,0,0,0,0,0,0,0,0,0,0,0,0,0,21,0,0,0,0,0,0,0,0,0,0,17,0,0,0,0,0,0,0,0,4,0,0,0,0,4,0,0,0,0,0,0,0,0,0,0,0,0,0,0,0,0,0,0,0,0,0,0,0,0,0,0,0,0,0,0,0,0,0,0,0,0,0,0,0,0,0,0,7,0,0,0,0,0,0,13,0,0,0,0,0,0,0,0,0,0,0,0,0,0,0,0,0,0,0,0,0,0,0,0,0,0,14,0,0,0,0,0,0,0,0,0,0,0,0,18,0,0,0,0,0,0,9,0,0,0,0,0,0,0,0,0,4,0,0,0,0,0,0,0,0,0,0,0,0,0,0,0,0,0,0,0,0,0,0,0
150,"lib_F_tag_GATGAC","F-12","F_GATGAC","F","GATGAC","PCT-C-2000","spatial",2000,"C",3,"environmental",-122.4044095,47.72255208,27,7,7,46321,64028,0,0,0,2498,0,0,1,0,0,0,1,0,0,0,15966,0,0,0,9,0,0,0,0,0,4,8,0,0,0,0,318,2,0,0,0,0,0,0,0,404,0,0,0,0,0,0,0,0,0,0,0,0,0,0,0,0,0,0,0,0,0,0,0,0,0,0,0,0,0,0,0,0,0,0,0,0,0,0,121,0,0,0,0,0,0,119,0,0,342,0,1,0,0,0,0,0,0,0,0,0,0,1,0,0,0,0,0,0,0,0,0,0,0,0,0,0,0,0,0,0,0,0,0,0,0,0,0,0,0,0,0,0,0,0,1,0,0,0,0,0,0,1,0,0,0,0,0,0,0,0,0,0,0,0,0,0,0,0,0,0,0,0,0,0,0,0,0,0,0,64,0,0,0,0,0,0,1,0,0,82,0,0,0,0,0,0,0,0,0,0,0,0,0,0,0,0,0,18,0,0,0,0,0,0,0,0,0,0,13,0,0,0,0,0,0,0,0,2,0,0,0,0,2,0,0,0,0,0,0,0,0,0,0,0,0,0,0,0,0,0,0,0,0,0,0,0,0,0,0,0,0,0,0,0,0,0,0,0,0,0,0,0,0,0,0,5,0,0,0,0,0,0,17,0,0,0,0,0,0,0,0,0,0,0,0,0,0,0,0,0,0,0,0,0,0,0,0,0,0,7,0,0,0,0,0,0,0,0,0,0,0,0,9,0,0,0,0,0,0,9,0,0,0,0,0,0,0,0,0,4,0,0,0,0,0,0,0,0,0,0,0,0,0,0,0,0,0,0,0,0,0,0,0
149,"lib_H_tag_ACATGT","H-5","H_ACATGT","H","ACATGT","PCT-C-2000","spatial",2000,"C",4,"environmental",-122.4044095,47.72255208,28,7,7,46869,63140,0,0,1,2619,0,0,0,0,0,0,0,1,4,0,16003,1,0,0,10,0,0,0,0,1,4,11,0,0,0,0,366,2,0,0,0,2,0,0,0,474,0,0,0,0,0,0,0,0,0,0,0,0,0,0,0,0,0,0,0,0,0,0,0,0,0,0,0,0,0,0,0,0,0,0,0,0,0,0,113,0,0,0,0,0,0,125,0,0,397,0,1,0,0,0,0,0,0,0,0,0,0,1,0,0,0,0,0,0,0,0,0,0,0,0,0,0,0,0,0,0,0,0,0,0,0,0,0,0,0,0,0,0,0,0,1,0,0,0,0,0,0,2,0,0,0,0,0,0,0,0,0,0,0,0,0,0,0,0,0,0,0,0,0,0,0,0,0,0,0,65,0,0,0,0,0,1,0,0,0,48,0,0,0,0,0,0,0,0,0,0,0,0,0,0,0,0,0,22,0,0,0,0,0,0,0,0,0,0,20,0,0,0,0,0,0,0,0,2,0,0,0,0,4,0,0,0,0,0,0,0,0,0,0,0,0,0,0,0,0,0,0,0,0,0,0,0,0,0,0,0,0,0,0,0,0,0,0,0,0,0,0,0,0,0,0,6,0,0,0,0,0,0,15,0,0,0,0,0,0,0,0,0,0,0,0,0,0,0,0,1,0,0,0,0,0,0,0,0,0,12,0,0,0,0,0,0,0,0,0,0,0,0,15,0,0,0,0,0,0,8,0,0,0,0,0,0,0,0,0,5,0,0,0,0,0,0,0,0,0,0,0,0,0,0,0,0,0,0,0,0,0,0,0
155,"lib_C_tag_ACTCTG","C-20","C_ACTCTG","C","ACTCTG","PCT-C-4000","spatial",4000,"C",1,"environmental",-122.4248772,47.73409514,29,8,8,18226,6564,18,92077,0,4192,565,0,0,0,0,965,0,0,0,0,0,0,0,0,38,0,0,0,0,0,22,0,5,0,2652,0,42,36,0,0,0,0,0,0,0,66,0,0,0,0,0,0,5,0,0,3893,0,0,0,0,0,0,0,0,0,0,0,0,0,0,0,0,0,0,0,0,0,0,0,0,4,0,0,0,5,0,0,0,0,0,0,14,0,0,2,0,2,0,0,0,0,0,0,0,290,0,0,1,0,0,0,0,0,0,0,1,0,0,0,0,0,0,1,0,0,0,0,0,115,0,0,0,0,0,121,0,0,0,0,7,0,0,0,0,1,64,0,1,0,2,48,0,0,0,0,0,0,0,0,9,0,0,49,0,0,0,0,0,0,0,0,0,1,0,0,0,60,0,0,0,0,0,0,0,0,0,0,46,0,0,0,0,0,0,0,0,0,0,0,0,1,0,0,1,0,0,0,0,0,0,0,3,0,0,1,0,0,0,0,0,0,0,0,1,0,0,0,0,2,0,0,0,0,0,0,0,0,0,0,0,0,27,0,0,0,0,0,0,0,3,0,1,0,0,0,0,0,0,0,0,0,0,16,0,0,0,0,0,0,0,0,1,0,0,0,1,0,0,0,0,0,0,0,0,0,0,0,12,0,0,0,0,2,0,0,1,0,0,0,0,0,0,0,0,0,0,0,0,0,1,0,0,0,0,0,0,0,0,2,0,0,0,0,0,0,0,0,8,0,0,0,0,0,0,0,0,0,0,3,0,0,0,0,0,0,0,0,0,0,0,0,0,0,0,0,0,0,0,15
153,"lib_F_tag_TCGTCA","F-14","F_TCGTCA","F","TCGTCA","PCT-C-4000","spatial",4000,"C",2,"environmental",-122.4248772,47.73409514,30,8,8,17062,6057,17,94781,0,3972,524,0,0,0,0,882,1,0,0,0,0,0,0,0,41,0,0,0,1,0,14,0,3,0,2442,0,36,25,0,0,0,0,0,0,0,55,0,0,0,0,0,0,5,0,0,3530,0,0,0,0,0,0,0,0,0,0,0,0,0,0,0,0,0,0,0,0,0,0,0,0,4,0,0,0,5,0,0,0,0,0,0,12,0,0,2,0,2,0,0,0,0,0,0,0,229,0,0,0,0,0,0,0,0,0,0,1,0,0,0,0,0,0,0,0,0,0,0,0,126,0,0,1,0,0,145,0,0,0,0,2,0,0,0,0,1,55,0,0,0,3,52,0,0,0,0,0,0,0,0,5,0,0,63,0,0,0,0,0,0,0,0,0,1,0,0,0,57,0,0,0,0,1,1,0,0,0,0,52,0,0,0,0,0,0,0,0,0,0,0,0,1,0,0,1,0,0,0,0,0,0,0,2,0,0,1,0,0,0,0,0,0,0,0,0,0,0,0,0,1,0,0,0,0,0,0,0,0,0,0,0,0,22,0,1,0,0,0,0,0,3,0,0,0,0,0,0,0,0,0,0,0,0,14,0,0,0,0,0,0,0,0,0,0,0,0,1,0,0,0,0,0,0,0,0,0,0,0,8,0,0,0,0,0,0,0,0,0,0,0,0,0,0,0,0,0,0,0,0,0,0,0,0,0,0,0,0,0,0,1,0,0,0,0,0,0,0,0,4,0,0,0,0,0,0,0,0,0,0,2,0,0,0,0,0,0,0,0,0,0,0,0,0,0,0,0,0,0,0,5
152,"lib_G_tag_ATATCG","G-7","G_ATATCG","G","ATATCG","PCT-C-4000","spatial",4000,"C",3,"environmental",-122.4248772,47.73409514,31,8,8,20527,6171,19,89087,1,4618,587,0,0,0,0,1150,0,0,9,0,2,0,0,0,42,0,0,0,0,1,19,0,6,0,2528,0,39,40,0,0,0,3,0,0,0,60,0,0,0,0,0,0,8,0,0,4687,0,0,0,0,0,0,0,0,0,0,0,0,0,0,0,0,0,0,0,0,0,0,0,0,4,0,0,0,3,0,0,0,0,0,0,9,0,0,3,0,3,0,0,0,0,0,0,0,181,0,0,2,0,0,0,0,0,0,0,1,0,0,0,0,0,0,1,0,0,0,0,0,103,0,0,0,0,0,136,0,0,0,0,5,0,0,0,0,1,27,0,0,0,3,48,0,0,0,0,0,0,0,0,10,0,0,38,0,0,0,0,0,0,0,0,0,1,0,0,0,53,0,0,0,0,0,0,0,0,0,0,39,0,0,0,0,0,0,0,0,0,0,0,0,0,0,0,1,0,0,0,0,0,0,0,5,0,0,2,0,0,0,0,0,0,0,0,0,0,0,0,0,0,0,0,0,0,0,0,0,0,0,0,0,0,22,0,0,0,0,0,0,0,3,0,0,0,0,0,0,0,0,0,0,0,0,12,0,0,0,0,0,0,0,0,0,0,0,0,1,0,0,0,0,0,0,0,0,0,0,0,5,0,0,0,0,1,0,0,0,0,0,0,0,0,0,0,0,0,0,0,0,0,1,0,0,0,0,0,0,0,0,0,0,0,0,0,0,0,0,0,3,0,0,0,0,0,0,0,0,0,0,1,0,0,0,0,0,0,0,0,0,0,0,0,0,0,0,0,0,0,0,8
154,"lib_H_tag_CACGAT","H-18","H_CACGAT","H","CACGAT","PCT-C-4000","spatial",4000,"C",4,"environmental",-122.4248772,47.73409514,32,8,8,18955,5731,18,92801,0,4225,498,5,0,1,2,962,1,0,0,0,0,0,0,0,41,0,1,0,2,0,18,0,4,0,2230,0,35,26,0,0,0,0,0,0,0,52,0,1,0,0,0,0,5,0,0,3848,0,0,0,0,0,0,0,0,0,0,0,0,0,0,0,0,0,0,0,0,0,0,0,0,4,0,0,0,6,0,0,0,0,0,0,11,0,0,1,0,3,0,0,0,0,0,0,0,273,0,0,1,0,0,0,0,0,0,0,1,0,0,0,0,0,0,1,0,0,0,0,0,132,0,0,0,0,0,136,0,0,0,0,5,0,0,0,0,1,55,0,2,0,2,38,0,0,0,0,0,0,0,0,8,0,0,47,0,0,0,0,0,0,0,0,0,2,0,0,0,37,0,0,0,0,0,0,0,0,0,0,43,0,0,0,0,0,0,0,0,0,0,0,0,1,0,0,0,0,0,0,0,0,0,0,3,0,0,0,0,0,0,0,0,0,0,0,0,0,0,0,0,0,0,0,0,0,0,0,0,0,0,0,0,0,29,0,0,0,0,0,0,0,3,0,1,0,0,0,0,0,0,0,0,0,1,15,0,0,0,0,0,0,0,0,0,0,0,0,0,0,0,0,0,0,0,0,0,0,0,0,7,0,0,0,0,0,0,0,0,0,0,0,0,0,0,0,0,0,0,0,0,0,0,0,0,0,0,0,0,0,0,0,0,0,0,0,0,0,0,0,5,0,0,0,0,0,0,0,0,0,0,1,0,0,0,0,0,0,0,0,0,0,0,0,0,0,0,0,0,0,0,8
159,"lib_D_tag_TAGATC","D-29","D_TAGATC","D","TAGATC","PCT-N-0000","spatial",0,"N",1,"environmental",-122.3779777,47.71696312,33,1,9,2455,21341,1,854,0,9524,8873,1,0,0,0,0,0,0,46955,0,23623,1,0,0,426,0,6983,0,0,0,11,0,0,0,0,0,12,1,0,0,0,922,0,0,0,580,1500,0,0,4520,0,0,0,0,0,0,0,0,0,0,0,0,64,0,0,0,0,0,0,0,0,0,1,0,0,0,0,0,0,0,8,0,0,0,5,0,0,0,0,0,0,4,0,81,177,0,2,0,0,0,0,0,0,0,2,0,0,4,0,0,67,0,187,0,0,8,0,0,0,0,0,0,1,0,0,0,0,0,0,0,0,5,39,0,2,0,0,0,0,0,0,0,0,0,3,4,5,0,2,0,3,5,0,0,0,0,0,0,0,0,0,21,3,0,0,0,0,0,0,0,0,0,0,0,0,29,3,8,37,28,0,4,4,0,0,32,1,0,0,0,0,0,0,2,0,0,0,1,133,0,26,0,0,2,0,0,0,1,0,1,9,0,0,0,0,0,0,0,0,0,0,0,56,0,0,10,0,0,1,0,0,0,0,0,0,0,0,0,0,12,0,1,43,0,0,5,0,1,0,0,0,0,0,0,0,0,0,0,0,0,0,0,2,0,0,0,10,0,0,0,17,4,0,0,52,0,0,1,10,0,0,0,0,0,0,16,0,1,0,0,0,51,0,0,17,0,0,0,8,0,0,0,38,0,60,8,0,0,0,0,29,0,0,12,0,7,0,0,0,0,0,0,0,0,0,5,0,2,0,29,8,0,0,17,0,4,0,0,0,0,0,0,0,0,37,0,0,6,0,0,4,0,0,0,0,0,0,0,0
158,"lib_F_tag_AGAGAG","F-28","F_AGAGAG","F","AGAGAG","PCT-N-0000","spatial",0,"N",2,"environmental",-122.3779777,47.71696312,34,1,9,2322,20557,2,799,1,9242,8695,0,0,0,0,0,0,0,49419,0,23332,0,0,0,398,0,6943,0,0,0,7,0,0,0,0,0,14,1,0,0,0,882,0,0,0,580,1522,0,0,4040,0,0,0,0,0,0,0,0,0,0,0,0,46,0,0,0,0,0,0,0,0,0,0,0,0,0,0,0,0,0,2,0,0,0,3,0,0,0,0,0,0,4,0,90,150,0,2,0,0,0,0,0,0,0,0,0,0,3,0,0,61,0,157,0,0,9,0,0,0,0,0,0,0,0,0,0,0,0,2,0,0,3,47,0,4,0,0,0,0,0,0,0,0,0,2,3,5,0,3,0,3,3,0,0,0,0,0,0,0,0,0,28,1,0,0,0,0,0,0,0,0,0,0,0,0,27,2,6,32,25,0,2,2,0,0,25,2,0,0,0,0,0,0,1,0,0,0,0,110,0,19,0,0,1,0,0,0,1,0,2,6,0,0,0,0,0,0,0,0,0,0,0,67,0,0,12,0,0,2,0,0,0,0,0,0,0,0,0,0,9,0,0,24,1,0,5,0,1,0,0,0,0,0,0,0,0,0,0,0,0,0,2,0,0,0,0,8,0,0,0,19,1,0,0,57,0,0,0,10,0,0,0,0,0,0,10,0,1,0,0,0,56,0,0,18,0,0,0,7,0,0,0,43,0,45,7,0,0,0,0,41,0,0,10,0,10,0,0,0,0,0,0,0,0,0,2,0,1,0,19,6,0,0,10,1,0,0,0,0,0,0,0,0,0,26,0,0,7,0,0,2,0,0,0,0,0,0,0,0
156,"lib_H_tag_ACAGCA","H-2","H_ACAGCA","H","ACAGCA","PCT-N-0000","spatial",0,"N",3,"environmental",-122.3779777,47.71696312,35,1,9,2205,20332,0,755,1,8923,8466,2,8,2,0,1,0,0,50098,0,23314,0,1,0,405,1,7061,1,0,1,9,0,0,0,0,0,15,0,0,0,1,847,0,0,0,518,1425,0,0,4043,0,0,0,0,0,0,0,0,0,0,0,0,55,0,0,0,0,0,0,0,0,0,0,0,0,0,0,0,0,0,2,0,0,0,2,0,0,0,0,0,0,5,0,91,161,0,3,0,0,0,0,0,0,0,2,0,0,2,0,0,79,0,258,0,0,6,0,0,0,0,0,0,2,0,0,0,0,0,0,0,0,5,52,0,0,0,0,0,0,0,0,0,0,0,3,2,9,1,3,0,2,5,0,0,0,0,0,0,0,0,0,23,3,0,0,0,0,0,0,0,0,0,0,0,0,39,2,10,37,33,0,1,4,0,0,27,1,0,0,0,0,0,0,2,0,0,0,1,125,0,17,0,0,2,0,0,0,2,0,1,6,0,0,0,0,0,0,0,0,0,0,0,88,0,0,18,0,0,1,0,0,0,0,0,0,0,0,0,0,11,0,0,31,0,0,5,0,2,0,0,0,0,0,0,0,0,0,0,0,0,0,1,3,0,0,0,5,0,0,0,13,4,0,0,74,0,0,0,7,0,0,0,0,0,0,10,0,1,0,0,0,57,0,0,30,0,0,0,6,0,0,0,45,0,47,8,0,0,0,0,43,0,0,16,0,14,0,0,0,0,0,0,0,0,0,4,0,1,0,23,7,0,0,11,1,1,0,0,0,0,0,0,0,1,25,0,0,10,0,0,4,0,0,0,0,0,0,0,0
157,"lib_K_tag_ATCAGT","K-13","K_ATCAGT","K","ATCAGT","PCT-N-0000","spatial",0,"N",4,"environmental",-122.3779777,47.71696312,36,1,9,2507,20542,0,644,0,9869,8761,0,0,0,0,0,0,0,46606,0,25619,0,0,0,324,0,6983,0,0,0,4,0,0,0,0,0,9,0,0,0,0,711,0,0,0,477,1689,0,1,4329,0,0,0,0,0,0,0,0,0,0,0,0,31,0,0,0,0,0,0,0,0,0,0,0,0,0,0,0,0,0,2,0,0,0,2,0,0,0,0,0,0,4,0,70,156,0,1,0,0,0,0,0,0,0,0,0,0,1,0,0,51,0,136,0,0,5,0,0,0,0,0,0,1,0,0,0,0,0,0,0,0,3,38,0,1,0,0,0,0,0,0,0,0,0,1,2,6,1,3,0,2,3,0,0,0,0,0,0,0,0,0,18,0,0,0,0,0,0,0,0,0,0,0,0,0,23,0,3,26,18,0,2,2,0,0,18,1,0,0,0,0,0,0,0,0,0,0,3,102,0,17,0,0,1,0,0,0,1,0,1,7,0,0,0,0,0,0,0,0,0,0,0,47,0,0,5,0,0,0,0,0,0,0,0,0,0,0,0,0,6,0,0,26,1,0,5,0,1,0,0,0,0,0,0,0,0,0,0,0,0,0,1,2,0,0,0,3,0,0,0,12,0,0,0,38,0,0,1,6,0,0,0,0,0,0,10,0,0,0,0,0,47,0,0,15,0,0,0,5,0,0,0,23,0,40,3,0,0,0,0,20,0,0,14,0,4,0,0,0,0,0,0,0,0,0,3,0,0,0,17,4,0,0,8,0,0,0,0,0,0,0,0,0,0,23,0,0,5,0,0,3,0,0,0,0,0,0,0,0
163,"lib_B_tag_ATGTGC","B-30","B_ATGTGC","B","ATGTGC","PCT-N-0075","spatial",75,"N",1,"environmental",-122.3787448,47.71739619,37,2,10,19268,61097,7932,91,7,1656,601,0,0,0,1,1,0,0,4250,5419,13929,1,0,0,329,0,0,0,0,1364,114,2,1,1181,0,0,1,3,0,0,0,1,0,0,0,586,739,0,0,0,0,0,0,0,8206,0,2,0,0,0,0,0,0,0,0,0,0,0,0,0,0,0,0,0,0,0,0,0,0,0,4,0,0,0,70,0,18,0,0,495,0,82,0,0,0,0,12,0,0,0,0,0,242,0,1,0,0,3,0,0,0,0,105,0,0,0,0,0,0,336,0,0,2,0,0,0,0,0,0,0,0,5,0,0,0,0,0,0,0,0,0,0,0,0,0,1,12,3,11,0,2,0,0,0,0,0,0,5,0,0,0,24,1,0,318,393,0,0,0,307,0,0,0,0,0,47,1,0,0,19,29,5,3,0,0,37,0,0,0,0,330,0,0,46,0,0,0,2,3,9,0,0,0,8,0,0,0,4,0,2,0,0,0,0,5,0,74,0,0,0,0,0,34,0,0,1,0,0,3,0,0,0,0,0,3,0,0,0,0,0,0,0,0,0,0,3,0,1,0,0,0,1,0,20,0,13,0,0,0,0,0,1,0,0,0,0,0,0,0,0,5,7,28,0,0,0,0,0,11,0,72,0,0,0,0,0,0,0,0,0,16,5,0,0,0,1,0,0,10,0,0,0,6,0,0,8,0,0,0,0,0,0,0,14,0,3,0,0,0,0,0,0,0,8,0,5,0,0,68,0,0,0,0,0,0,2,0,0,0,0,0,0,0,1,4,0,0,0,0,0,0,0,0,0,0,0,38,0,0
160,"lib_F_tag_CGACGC","F-15","F_CGACGC","F","CGACGC","PCT-N-0075","spatial",75,"N",2,"environmental",-122.3787448,47.71739619,38,2,10,19415,64048,7097,136,5,1694,694,0,0,0,0,0,0,0,4792,4701,12658,0,0,0,414,0,0,0,0,1210,130,0,0,1221,0,0,1,4,0,0,0,0,0,0,0,766,723,0,0,0,0,0,0,0,7199,0,0,0,0,0,0,0,0,0,0,0,0,0,0,0,0,0,0,0,0,0,0,0,0,0,2,0,0,0,93,0,14,0,0,422,0,79,0,0,0,0,10,0,0,0,0,0,204,0,0,0,0,6,0,0,0,0,114,0,0,1,0,0,0,298,0,0,3,0,0,0,0,0,2,0,0,5,0,0,1,0,0,0,0,0,0,0,0,0,0,4,10,2,13,0,3,0,0,0,0,0,0,8,0,0,0,25,2,0,285,335,0,0,0,269,0,0,0,0,0,57,1,0,0,24,36,5,5,0,0,60,0,0,0,0,284,0,0,74,0,0,0,3,3,8,0,0,0,10,0,0,0,4,0,3,0,0,0,0,13,0,64,0,0,0,0,0,70,0,0,2,0,0,3,0,0,0,0,0,2,0,0,0,0,0,0,0,0,1,0,5,0,4,0,0,0,0,0,13,0,18,0,0,0,0,0,0,0,0,0,0,0,0,0,0,6,11,18,0,0,0,0,0,15,0,61,0,0,0,0,0,0,0,0,0,25,19,0,0,0,1,0,0,13,0,0,0,6,0,0,6,0,0,0,0,0,0,0,16,0,5,0,0,0,0,0,0,0,8,0,11,0,0,60,0,0,0,0,0,1,7,0,0,0,0,0,0,0,1,5,0,0,0,0,0,0,0,0,0,0,0,41,0,0
161,"lib_G_tag_CGACGC","G-15","G_CGACGC","G","CGACGC","PCT-N-0075","spatial",75,"N",3,"environmental",-122.3787448,47.71739619,39,2,10,19133,64468,6976,129,7,1674,670,0,0,0,2,0,1,0,4913,4856,12514,1,0,0,400,0,1,0,0,1160,128,2,1,1134,0,0,0,9,1,0,0,0,0,0,0,840,674,0,0,0,0,0,0,0,7146,0,0,0,0,0,0,0,0,0,0,4,0,0,0,0,0,0,0,0,0,0,0,0,0,0,3,0,0,0,91,0,13,0,0,453,0,93,0,0,0,0,23,0,0,0,0,0,222,0,2,0,0,8,0,0,0,0,139,0,0,2,0,0,0,292,0,0,1,0,0,0,0,0,1,0,0,13,0,0,2,0,0,0,0,0,0,0,0,0,0,2,20,3,8,0,2,0,0,0,0,0,0,9,0,0,0,24,3,0,270,313,0,0,0,256,0,0,0,0,0,47,2,0,0,35,41,8,4,0,0,60,0,0,0,0,288,0,0,68,0,0,0,3,2,9,1,0,0,14,0,0,0,4,0,4,0,0,0,0,13,0,65,0,0,0,0,0,74,0,0,2,0,0,5,0,0,0,0,0,3,0,0,0,0,0,0,1,0,1,0,6,0,9,0,0,0,2,0,21,0,15,0,0,0,0,0,1,0,0,0,0,0,0,0,0,8,13,18,0,0,0,0,0,11,0,65,0,0,0,0,0,0,0,0,0,22,20,0,0,0,1,0,0,22,0,0,0,10,0,0,6,0,0,0,0,0,0,0,15,0,8,0,0,0,0,0,0,0,9,0,9,0,0,54,0,0,0,0,0,2,4,0,0,0,0,0,0,0,2,2,0,0,0,0,0,0,0,0,0,0,0,32,0,0
162,"lib_K_tag_CTGCGT","K-19","K_CTGCGT","K","CTGCGT","PCT-N-0075","spatial",75,"N",4,"environmental",-122.3787448,47.71739619,40,2,10,18396,64449,7215,151,7,1586,634,0,0,0,0,0,0,0,4817,4822,12650,0,0,0,432,0,0,0,0,1238,122,1,0,1328,0,0,1,11,0,0,0,0,0,0,0,765,745,0,0,0,0,0,0,0,7347,0,1,0,0,0,0,0,0,0,0,1,0,0,0,0,0,0,0,0,0,0,0,0,0,0,2,0,0,0,101,0,23,0,0,475,0,81,0,0,0,0,19,0,0,0,0,0,214,0,2,0,0,8,0,0,0,0,155,0,0,1,0,0,0,300,0,0,3,0,0,0,0,0,0,0,0,9,0,0,1,0,0,0,0,0,0,0,0,0,1,4,23,1,8,0,6,0,0,0,0,0,0,7,0,0,0,25,2,0,292,333,0,0,0,271,0,0,0,0,0,55,0,0,0,23,39,5,4,0,0,45,0,0,0,0,319,0,0,50,0,0,0,1,2,8,0,0,0,10,0,0,0,2,0,2,0,0,0,0,8,0,56,0,0,0,0,0,84,0,0,2,0,0,11,0,0,0,0,0,1,0,0,0,0,0,0,2,0,1,0,2,0,6,0,0,0,4,0,21,0,19,0,0,0,0,0,2,0,0,0,0,0,0,0,0,4,20,17,0,0,0,0,0,14,0,64,0,0,0,0,0,0,0,0,0,21,18,0,0,0,1,0,0,13,0,0,0,8,0,0,6,0,0,0,0,0,0,0,12,0,9,0,0,0,0,0,0,0,13,0,5,0,0,71,0,0,0,0,0,0,6,0,0,0,0,0,0,0,1,5,0,0,0,0,0,0,0,0,0,0,0,38,0,0
167,"lib_A_tag_TCGTCA","A-14","A_TCGTCA","A","TCGTCA","PCT-N-0125","spatial",125,"N",1,"environmental",-122.3792563,47.71768489,41,3,11,9829,55563,3,5,18,4923,0,0,0,0,1,59,0,0,0,8050,20410,0,0,0,1154,0,0,0,15,0,1,5827,1,0,271,0,1,3,0,0,0,0,0,510,0,26,0,5,15355,1,0,1,0,0,0,0,1,0,0,0,0,0,0,0,1,0,0,0,0,0,0,0,0,0,0,1846,0,0,0,0,0,0,0,0,65,0,0,0,0,507,0,57,0,0,7,0,30,0,0,0,0,0,664,0,0,0,79,16,1129,0,0,0,0,0,415,0,0,0,0,0,0,0,0,1084,0,0,0,0,0,0,0,1,0,121,0,0,0,0,0,1,0,0,0,0,0,0,0,6,0,2,0,0,419,0,0,0,0,1,417,2,0,0,0,0,0,0,0,0,0,0,0,0,0,0,0,130,4,0,0,0,22,2,1,0,0,85,0,1,0,0,0,0,0,8,0,23,0,0,0,4,0,1,0,5,0,153,0,1,0,0,0,4,0,0,7,0,0,0,0,0,0,0,0,0,0,0,0,0,1,0,0,0,0,0,0,0,0,0,0,3,0,0,0,1,0,0,138,10,1,0,0,3,0,45,0,34,0,0,0,0,0,1,0,0,0,111,0,0,1,0,0,2,37,0,0,0,0,0,28,0,0,0,133,0,0,0,0,0,0,0,0,0,0,0,0,4,0,0,0,0,0,0,0,0,0,17,0,99,0,1,0,0,0,0,0,0,0,0,0,0,0,72,0,14,0,10,0,0,0,0,0,0,0,0,3,5,0,0,1,0,0,0,0,0,0,0,43,0,0,21,0,0,0,0,2,0,0,0,0
165,"lib_D_tag_ATATCG","D-7","D_ATATCG","D","ATATCG","PCT-N-0125","spatial",125,"N",2,"environmental",-122.3792563,47.71768489,42,3,11,9954,50989,2,1,9,4805,0,0,0,0,0,59,0,0,1,9242,21790,0,0,0,1001,0,0,0,0,0,0,6316,1,0,256,0,0,1,0,0,0,1,0,406,0,22,0,0,18271,0,0,1,0,0,0,0,1,0,0,0,0,0,0,0,0,1,0,0,0,0,0,0,0,0,0,1795,0,0,0,0,0,0,0,0,26,0,0,1,0,449,0,36,0,0,3,0,14,0,0,0,0,0,603,0,0,0,39,6,968,0,0,0,0,0,367,0,0,0,0,0,0,0,0,895,0,0,0,0,0,0,0,0,0,129,0,0,0,0,0,1,0,0,0,0,0,0,0,3,0,3,0,0,425,0,0,0,0,3,403,3,0,0,0,0,0,0,0,0,0,0,0,0,1,0,0,80,0,0,0,0,13,1,1,0,0,63,0,0,0,0,0,0,0,6,0,21,0,0,0,5,0,2,0,3,0,107,0,1,0,0,0,4,0,0,6,0,0,0,0,0,0,0,0,0,0,0,0,0,0,0,0,0,0,0,0,0,0,0,0,2,0,0,0,2,0,0,66,5,0,1,0,3,0,36,0,23,0,0,0,0,0,0,0,0,0,101,0,0,0,0,0,1,27,0,0,0,0,0,17,0,0,0,106,0,0,0,0,0,0,0,0,0,0,0,0,2,0,0,0,0,0,0,0,0,0,9,0,95,0,0,0,0,0,0,0,0,0,0,0,0,0,62,0,15,0,9,0,0,0,0,0,0,0,0,2,3,0,0,1,0,0,0,0,0,0,0,24,0,0,28,0,0,0,0,3,0,0,0,0
166,"lib_F_tag_ATCAGT","F-13","F_ATCAGT","F","ATCAGT","PCT-N-0125","spatial",125,"N",3,"environmental",-122.3792563,47.71768489,43,3,11,9943,55494,0,1,13,5081,0,0,0,0,1,78,0,0,0,8374,20228,0,0,0,1135,0,0,0,0,0,0,5972,1,0,301,0,0,1,0,0,0,0,0,518,0,30,0,0,16426,0,0,1,0,0,0,0,1,0,0,0,0,0,0,0,0,0,0,0,0,0,0,0,0,0,0,2110,0,0,0,0,0,0,0,0,43,0,0,1,0,340,0,25,0,0,9,0,13,0,0,0,0,0,476,0,0,0,57,10,751,0,0,0,0,0,476,0,0,0,0,0,0,0,0,700,0,0,0,0,0,0,0,0,0,145,0,0,0,0,0,0,0,0,0,0,0,0,0,4,0,1,0,0,334,0,0,0,0,1,275,4,0,0,0,0,0,0,0,0,0,0,0,0,0,0,0,68,3,0,0,0,13,0,1,0,0,59,0,0,0,0,0,0,0,8,0,20,0,0,0,4,0,1,0,3,0,118,0,1,0,1,0,3,0,0,3,0,0,0,0,0,0,0,0,0,0,0,1,0,0,0,0,0,0,1,0,0,0,0,0,1,0,0,0,0,0,0,92,4,0,1,0,0,0,31,0,22,0,0,0,0,0,1,0,0,0,73,0,0,0,0,0,1,26,0,0,0,0,0,20,0,0,0,84,0,0,0,0,0,0,0,0,0,0,0,0,1,0,0,0,0,0,0,0,0,0,10,0,78,0,0,0,0,0,0,0,0,0,0,1,0,0,38,0,12,0,8,0,0,0,0,0,0,0,0,2,2,0,0,0,0,0,0,0,0,0,0,35,0,0,25,0,0,0,0,1,0,0,0,0
164,"lib_G_tag_ACACAC","G-1","G_ACACAC","G","ACACAC","PCT-N-0125","spatial",125,"N",4,"environmental",-122.3792563,47.71768489,44,3,11,10085,56810,9,1,16,5065,1,0,0,4,1,67,0,0,0,7829,19892,0,1,0,1189,0,1,0,0,0,0,5899,0,0,326,0,0,4,0,0,0,0,0,503,0,29,0,0,15598,0,0,1,0,0,0,0,2,0,0,0,0,0,0,0,0,0,0,0,0,0,0,0,0,0,0,2018,0,0,0,0,0,0,0,0,47,0,1,0,0,340,0,42,0,0,9,0,28,0,0,0,0,0,489,0,0,0,65,9,788,0,0,1,0,0,502,0,0,0,0,0,0,0,0,756,0,0,0,0,0,0,0,2,0,163,0,0,0,0,0,0,0,0,0,0,0,0,0,4,0,1,0,0,336,0,0,0,0,2,338,5,0,0,0,0,0,0,0,0,0,0,0,0,0,0,0,82,3,0,0,0,12,0,1,0,0,72,0,0,0,0,0,0,0,9,0,17,0,0,0,4,0,4,0,5,0,126,0,2,0,0,0,4,0,0,2,0,0,0,0,0,0,0,0,0,0,0,1,0,0,0,0,0,0,0,0,0,0,0,0,1,0,0,0,1,0,0,93,8,1,1,0,2,0,36,0,25,0,0,0,0,0,1,0,0,0,81,0,0,1,0,0,0,24,0,0,0,0,0,20,0,0,0,96,0,0,0,0,0,0,0,0,0,0,0,0,4,0,0,0,0,0,0,0,0,0,11,0,85,0,0,0,0,0,0,0,0,0,0,0,0,0,37,0,15,0,13,0,0,0,0,0,0,0,0,5,4,0,0,1,0,0,0,0,1,0,0,42,0,0,24,0,0,0,0,0,0,0,0,0
170,"lib_B_tag_GATGAC","B-12","B_GATGAC","B","GATGAC","PCT-N-0250","spatial",250,"N",1,"environmental",-122.3805348,47.71840666,45,4,12,28759,15373,0,41006,0,1130,1011,2,0,0,1,0,350,0,0,0,1,1,0,0,225,3,4963,0,0,0,3269,0,0,0,15785,0,17,144,0,0,0,0,15854,0,0,79,0,0,0,0,0,0,0,0,0,0,0,0,0,0,0,0,0,0,0,0,0,0,0,0,0,0,12,0,0,0,0,0,0,0,10,0,0,0,21,1278,0,0,0,0,0,31,0,0,223,0,5,0,0,0,0,0,0,0,121,0,0,6,0,0,0,0,0,0,0,2,0,0,0,0,0,0,2,0,0,0,0,0,80,0,0,1,48,0,81,0,0,0,0,0,0,0,0,0,1,35,0,3,0,0,42,19,0,0,0,0,0,0,0,0,0,0,43,0,0,0,0,0,0,0,0,0,0,0,0,0,32,0,21,0,0,0,0,0,0,0,8,15,0,0,0,0,0,0,0,0,0,0,0,0,1,0,0,2,0,0,0,1,0,0,10,0,0,0,2,0,0,0,0,0,0,0,0,0,0,0,0,0,0,0,0,0,0,0,0,98,0,0,0,12,0,6,0,0,0,0,0,0,0,0,0,0,0,0,0,0,0,0,0,0,0,0,11,0,0,0,4,0,0,0,0,0,0,0,0,0,0,0,0,0,0,0,0,0,0,5,0,6,0,0,0,0,0,0,0,1,0,0,0,0,0,0,0,0,0,0,0,0,0,0,0,0,0,0,0,0,0,0,1,0,0,0,0,0,0,0,0,7,0,0,3,0,0,4,0,0,0,0,28,0,0,0,0,0,0,0,0,0,0,0,0,0,0,0,0,0,0,0,1
169,"lib_B_tag_TGTATG","B-10","B_TGTATG","B","TGTATG","PCT-N-0250","spatial",250,"N",2,"environmental",-122.3805348,47.71840666,46,4,12,30342,15255,0,40758,1,1163,993,1,0,0,0,0,317,2,0,0,0,0,0,0,187,0,5045,0,0,0,3444,0,0,1,14901,0,12,146,0,0,0,0,15379,0,0,60,0,0,0,0,0,0,0,0,0,0,0,0,0,0,0,0,0,0,0,1,0,0,0,0,0,0,11,0,0,0,0,0,0,0,7,0,0,0,10,1407,0,0,0,0,0,24,0,0,211,0,6,0,0,0,0,0,0,0,136,0,0,1,0,0,0,0,0,0,0,2,0,0,0,0,0,0,1,0,0,0,0,0,59,0,0,1,26,0,79,0,0,0,0,0,0,0,0,0,1,37,0,2,0,0,35,14,0,0,0,0,0,0,0,0,0,0,36,0,0,0,0,0,0,0,0,0,0,0,0,0,29,0,14,0,0,0,0,0,0,0,6,19,0,0,0,0,0,0,0,0,0,0,0,0,0,0,0,3,0,0,0,0,0,0,11,0,0,0,2,0,0,0,0,0,0,0,0,0,0,0,0,0,1,0,0,0,0,0,0,73,0,0,0,3,0,2,0,0,0,0,0,0,0,0,0,0,0,0,0,0,0,0,0,0,0,0,9,0,0,0,3,0,0,0,0,0,0,0,0,0,0,0,0,0,0,0,0,0,0,4,0,4,0,0,0,0,0,0,0,0,0,0,0,0,0,0,0,0,0,0,0,0,0,0,0,0,0,0,0,0,0,0,0,0,0,0,0,0,0,0,0,2,0,0,3,0,0,1,0,0,0,0,17,0,0,0,0,1,0,0,0,0,0,0,0,0,0,0,0,0,0,0,4
168,"lib_G_tag_ACATGT","G-5","G_ACATGT","G","ACATGT","PCT-N-0250","spatial",250,"N",3,"environmental",-122.3805348,47.71840666,47,4,12,27746,15347,2,42073,1,1086,1050,0,0,0,2,0,339,5,1,0,0,0,0,0,197,0,4783,0,0,0,3240,0,0,0,15824,0,13,134,6,0,0,2,16046,0,1,67,0,0,0,0,0,0,0,0,0,0,0,0,0,1,0,0,1,0,0,0,1,0,0,0,0,0,11,0,0,0,0,1,0,0,10,0,0,0,11,1389,0,0,0,0,0,20,0,0,238,0,6,0,0,0,0,0,0,0,123,0,0,3,0,0,1,0,0,0,0,1,0,0,0,0,0,0,1,0,0,0,0,0,56,0,0,1,35,0,78,0,0,0,0,0,0,0,0,0,2,29,0,2,0,0,45,11,0,0,0,0,0,0,0,0,0,0,42,0,0,0,0,0,0,0,0,0,0,0,0,0,42,0,14,0,0,0,1,0,0,0,8,20,0,0,0,0,0,0,0,0,0,0,0,0,0,0,0,6,0,0,0,0,0,1,8,0,0,0,1,0,0,0,0,0,0,0,0,0,0,0,0,0,0,0,0,0,0,0,0,89,0,0,0,6,0,4,0,0,0,0,0,0,0,0,0,0,0,0,0,0,0,0,0,0,0,0,5,1,0,0,3,0,0,0,0,0,0,0,0,0,0,0,0,0,0,0,0,0,0,6,0,4,0,0,0,0,0,0,0,0,0,0,0,0,0,0,0,0,0,0,0,0,0,0,0,0,0,0,0,0,0,0,1,0,0,0,0,0,0,0,0,4,0,0,3,0,0,2,1,0,0,0,16,0,0,0,0,0,0,0,0,0,0,0,0,0,0,0,0,0,0,0,1
171,"lib_H_tag_ATCAGT","H-13","H_ATCAGT","H","ATCAGT","PCT-N-0250","spatial",250,"N",4,"environmental",-122.3805348,47.71840666,48,4,12,28139,16284,1,40650,0,1148,1192,1,1,0,1,0,356,0,1,1,2,1,0,0,254,0,5402,0,0,0,3456,1,1,0,15111,0,23,154,0,0,2,0,15606,0,0,95,0,0,0,0,0,0,0,0,0,0,0,0,0,0,0,0,0,0,0,0,0,0,0,0,0,0,12,0,0,0,0,0,0,0,5,0,0,0,13,1393,0,0,0,0,0,23,0,0,243,0,7,0,0,0,0,0,0,0,136,0,0,2,0,0,0,0,0,0,0,2,0,0,0,0,0,0,1,0,0,0,0,0,63,0,0,1,35,0,68,0,0,0,0,0,0,0,0,0,1,37,0,2,0,0,44,16,0,0,0,0,0,0,0,0,0,0,40,0,0,0,0,0,0,0,0,0,0,0,0,0,36,0,16,0,0,0,0,0,0,0,9,19,0,0,0,0,0,0,0,0,0,1,0,0,0,0,0,2,0,0,0,1,0,1,9,0,0,0,3,0,0,0,0,0,0,0,0,0,0,0,0,0,0,0,0,0,0,0,0,118,0,0,0,8,0,6,0,0,0,0,0,0,0,0,0,1,0,0,0,0,0,0,0,0,0,0,7,0,0,0,5,0,0,0,0,1,0,0,0,0,0,0,0,0,0,0,0,0,0,7,0,4,0,0,0,0,0,0,0,2,0,0,0,0,0,0,0,0,0,0,0,0,0,0,0,0,0,0,0,0,0,0,0,0,0,0,0,0,0,0,0,4,0,0,4,0,0,1,1,0,0,0,23,0,0,0,0,1,0,0,0,0,0,0,0,0,0,0,0,0,0,0,3
174,"lib_C_tag_GCGAGT","C-16","C_GCGAGT","C","GCGAGT","PCT-N-0500","spatial",500,"N",1,"environmental",-122.3830921,47.71985014,49,5,13,7568,52774,15,62503,0,1282,1010,106,0,0,0,21,589,0,0,1,0,0,0,0,211,0,0,0,0,0,0,0,2,0,608,0,0,6,0,31,0,0,0,0,0,48,0,0,0,0,0,0,0,0,0,0,0,0,0,0,2,0,0,0,0,48,0,0,0,0,0,0,985,0,0,0,0,0,1,0,1,0,7,0,25,0,0,0,1405,0,0,30,0,0,0,0,7,0,0,0,0,0,0,0,85,0,0,2,0,0,0,0,0,6,0,0,0,0,0,0,0,0,0,0,0,0,0,0,46,0,0,2,0,0,44,0,0,0,0,0,0,0,0,0,2,177,0,0,0,1,226,0,0,0,0,0,0,0,0,0,0,0,160,0,0,0,0,0,0,0,0,0,0,0,0,0,179,0,0,0,0,0,3,0,0,0,0,12,0,0,0,0,0,1,0,0,0,0,0,0,1,0,0,5,0,0,0,0,0,0,0,0,0,0,2,0,0,0,0,0,0,0,0,0,0,0,0,0,1,0,0,0,0,0,0,0,0,0,0,0,0,35,0,0,0,0,0,2,0,1,0,1,0,0,0,0,0,0,0,0,0,0,17,0,0,0,0,0,0,0,0,0,0,0,0,0,0,0,0,0,0,0,0,0,0,0,0,24,0,0,0,0,0,0,0,1,0,0,0,0,0,0,0,0,0,0,0,0,0,0,0,0,0,0,0,0,0,0,0,0,0,0,0,0,0,0,0,8,0,0,0,0,0,0,2,0,0,0,3,0,0,0,0,0,0,0,0,0,0,0,0,0,0,0,0,0,0,0,5
173,"lib_D_tag_GATGAC","D-12","D_GATGAC","D","GATGAC","PCT-N-0500","spatial",500,"N",2,"environmental",-122.3830921,47.71985014,50,5,13,8580,54060,0,60446,0,1380,992,91,0,0,0,20,544,0,0,0,0,0,0,0,187,0,0,0,0,0,0,0,1,0,597,0,0,7,0,33,0,0,0,0,0,44,0,0,0,0,0,0,0,0,0,0,0,0,0,0,1,0,0,0,0,58,0,0,0,0,0,0,1155,0,0,0,0,0,0,0,1,0,3,0,15,0,0,0,1390,0,0,13,0,0,0,0,2,0,0,0,0,0,0,0,46,0,0,2,0,0,0,0,0,2,0,0,0,0,0,0,0,0,0,0,0,0,0,0,37,0,0,2,0,0,30,0,0,0,0,0,0,0,0,0,0,118,0,2,0,0,162,0,0,0,0,0,0,0,0,0,0,0,123,0,0,0,0,0,0,0,0,0,0,0,0,0,117,0,0,0,0,1,1,0,0,0,0,4,0,0,0,0,0,1,0,0,0,1,0,0,0,0,0,3,0,0,0,1,0,1,0,0,0,0,2,0,0,0,0,0,0,0,0,0,0,0,0,0,0,0,0,0,0,0,0,0,0,0,0,0,0,18,0,1,0,0,0,1,0,0,0,0,0,0,0,0,0,0,0,0,0,1,15,0,0,0,0,0,0,0,0,1,0,0,0,0,0,0,0,0,0,0,0,0,0,0,0,26,0,0,0,0,0,0,0,1,0,0,0,0,0,0,0,0,0,0,0,0,0,0,0,0,0,0,0,0,0,0,0,0,0,0,0,0,0,0,0,7,0,0,0,0,0,0,1,0,0,0,2,0,0,0,0,0,0,0,0,0,0,0,0,0,0,0,0,0,0,0,2
175,"lib_J_tag_TAGATC","J-29","J_TAGATC","J","TAGATC","PCT-N-0500","spatial",500,"N",3,"environmental",-122.3830921,47.71985014,51,5,13,9265,52948,1,59777,0,1540,1134,117,0,0,0,21,606,0,0,0,0,0,1,0,257,0,0,0,0,0,1,0,1,0,623,0,0,9,0,29,0,0,0,0,0,59,0,0,0,0,0,0,0,0,0,0,0,0,0,0,2,0,0,0,0,77,0,0,0,0,0,0,1345,0,0,0,0,0,0,0,5,0,6,0,17,0,0,0,1602,0,0,23,0,0,0,0,2,0,0,0,0,0,0,0,79,0,0,3,0,0,0,0,0,4,0,1,0,0,0,0,0,0,0,0,0,0,0,0,41,0,0,1,0,0,41,0,0,0,0,0,0,0,0,0,0,140,0,0,0,0,178,0,0,0,0,0,0,0,0,3,0,0,141,0,0,0,0,0,0,0,0,0,0,0,0,0,144,0,0,0,0,0,1,0,0,0,0,8,0,0,0,0,0,2,0,0,0,0,0,0,1,0,0,3,0,0,0,0,0,0,0,0,0,0,3,0,0,0,0,0,0,0,0,0,0,0,0,0,0,0,0,0,0,0,0,0,0,0,0,0,0,26,0,1,0,0,0,1,0,0,0,0,0,0,0,0,0,0,0,0,0,0,14,0,0,0,0,0,0,0,0,0,0,0,0,0,0,0,0,0,0,0,0,0,0,0,0,20,0,0,0,0,0,0,0,1,0,0,0,0,0,0,0,0,0,0,0,0,0,0,0,0,0,0,0,0,0,0,0,0,0,0,0,0,0,0,0,7,0,0,0,0,0,0,1,0,0,0,2,0,0,0,0,0,0,0,0,0,0,0,0,0,0,0,0,0,0,0,4
172,"lib_K_tag_ACACAC","K-1","K_ACACAC","K","ACACAC","PCT-N-0500","spatial",500,"N",4,"environmental",-122.3830921,47.71985014,52,5,13,7777,52421,0,62296,0,1380,1154,112,0,1,0,25,644,0,0,0,0,0,0,0,246,0,0,0,0,0,2,0,0,0,627,0,0,5,0,36,0,0,0,0,0,54,0,0,0,0,0,0,0,0,0,0,0,0,0,0,4,0,0,0,0,67,0,0,0,0,0,0,1061,0,0,0,0,0,0,0,1,0,7,0,18,0,0,0,1575,0,0,20,0,0,0,0,2,0,0,0,0,0,0,0,54,0,0,1,0,0,0,0,0,3,0,0,0,0,0,0,0,0,0,0,0,0,0,0,21,0,0,0,0,0,35,0,0,0,0,1,0,0,0,0,0,143,0,2,0,0,186,0,0,0,0,0,0,0,0,0,0,0,123,0,0,0,0,0,0,0,0,0,0,0,0,0,156,0,0,0,0,0,0,0,0,0,0,9,0,0,0,0,0,0,0,0,0,0,0,0,0,0,0,2,0,0,0,0,0,0,0,0,0,0,3,0,0,0,0,0,0,0,0,0,0,0,0,0,0,0,0,0,0,0,0,0,0,0,0,0,0,21,0,0,0,0,0,0,0,0,0,0,0,0,0,0,0,0,0,0,0,0,11,0,0,0,0,0,0,0,0,1,0,0,0,0,0,0,0,0,0,0,0,0,0,0,0,22,0,0,0,0,0,0,0,2,0,0,0,0,0,0,0,0,0,0,0,0,0,0,0,0,0,0,0,0,0,0,0,0,0,0,0,0,0,0,0,6,0,0,0,0,0,0,1,0,0,0,0,0,0,0,0,0,0,0,0,0,0,0,0,0,0,0,0,0,0,0,6
176,"lib_B_tag_ACGACG","B-6","B_ACGACG","B","ACGACG","PCT-N-1000","spatial",1000,"N",1,"environmental",-122.3882071,47.72273692,53,6,14,31645,41917,1262,895,0,2910,847,408,0,16075,7629,0,0,847,0,0,9413,0,0,0,1899,0,0,0,0,0,0,33,5,0,0,0,6,1,5813,26,1,0,0,2528,0,1,0,0,0,282,0,0,0,0,0,0,12,0,0,0,0,0,0,0,0,13,0,0,0,0,0,509,1,1,0,0,0,0,4,0,12,0,0,0,63,0,0,701,0,3,621,84,0,0,0,169,59,0,0,420,30,120,0,0,7,0,238,43,0,268,0,0,0,22,0,1,0,0,0,300,0,0,5,0,0,0,0,0,6,0,0,0,0,0,6,0,2,0,145,0,0,0,0,0,2,4,0,15,0,0,10,0,0,0,63,0,0,0,0,0,0,0,5,0,0,0,0,240,0,0,255,468,0,0,0,40,5,0,0,0,0,0,0,0,58,22,0,2,0,0,0,0,0,0,0,76,0,0,0,0,1,0,0,13,0,0,0,0,0,0,0,0,0,0,5,0,65,0,57,0,0,0,0,0,0,0,0,0,0,0,0,0,0,0,0,0,0,0,0,22,25,0,2,3,0,0,0,6,0,0,0,2,0,0,0,0,0,33,0,0,0,0,1,12,0,0,0,0,0,20,0,0,0,58,0,0,17,0,5,0,0,0,0,22,16,0,20,6,0,0,22,0,0,0,0,3,0,0,0,0,0,0,0,19,0,6,9,0,0,0,0,0,0,0,0,0,0,0,1,0,0,0,0,0,9,2,0,1,0,0,0,21,0,0,5,7,0,0,0,0,0,0,1,0,0,0,0,5,0,0,3,0,0,0,33,32,0,0,0
178,"lib_B_tag_GCGTAG","B-22","B_GCGTAG","B","GCGTAG","PCT-N-1000","spatial",1000,"N",2,"environmental",-122.3882071,47.72273692,54,6,14,30577,41205,1286,1080,0,2865,975,518,0,15468,7868,0,0,874,0,3,9758,0,0,0,2156,0,2,0,0,0,0,41,5,0,0,0,5,3,6043,36,0,0,0,3021,0,1,0,0,0,365,0,0,0,0,0,0,22,0,0,0,0,0,0,0,0,17,0,0,0,0,0,419,1,1,0,0,0,0,6,0,7,0,0,0,84,0,0,724,0,2,664,88,0,0,1,192,91,0,0,405,46,105,0,0,16,0,351,38,0,270,0,0,0,23,0,2,0,0,0,346,0,0,2,0,0,0,0,0,3,0,0,0,0,0,4,0,3,0,114,0,0,0,0,0,3,9,0,18,0,0,6,0,0,0,95,0,0,0,0,0,0,0,5,0,0,0,0,280,0,0,287,518,0,0,0,26,4,0,0,0,0,0,0,0,47,28,0,1,0,0,0,0,0,0,0,67,0,0,0,0,1,0,0,12,0,0,0,0,0,0,0,0,0,0,7,0,73,0,36,0,0,0,0,0,0,0,0,0,0,0,0,0,0,0,0,0,0,0,0,15,20,3,1,2,0,0,0,15,0,0,0,8,0,0,0,0,0,36,0,0,0,0,3,17,0,0,0,0,0,16,0,0,0,39,0,0,20,0,8,0,0,0,0,26,17,0,35,2,0,0,15,0,0,0,0,5,0,0,0,0,0,0,0,11,0,3,4,0,0,0,0,0,0,0,0,0,0,0,0,0,0,0,0,0,6,4,0,1,0,0,0,23,0,0,5,5,0,0,0,0,0,0,0,0,0,0,0,5,0,0,3,0,0,0,24,43,0,0,1
179,"lib_F_tag_ATGATA","F-24","F_ATGATA","F","ATGATA","PCT-N-1000","spatial",1000,"N",3,"environmental",-122.3882071,47.72273692,55,6,14,31522,38753,987,927,1,3226,1021,531,0,15005,8986,0,0,934,0,0,11157,0,0,0,2215,0,0,1,0,0,0,30,13,0,0,0,5,6,7429,42,0,0,0,2937,0,1,0,0,0,399,0,0,0,0,0,0,15,0,0,0,0,0,0,0,0,35,0,0,0,0,0,353,0,0,0,0,0,0,5,0,9,0,0,0,41,0,0,519,0,1,437,58,0,0,5,100,49,0,0,273,21,66,0,0,7,0,164,27,0,109,0,0,0,10,0,2,0,0,0,222,0,0,2,0,0,0,0,0,1,0,0,0,0,0,5,0,2,0,107,0,1,0,0,0,2,9,0,7,0,0,6,0,0,0,74,0,0,0,0,0,0,0,5,0,0,0,0,170,0,0,211,376,0,0,0,29,3,0,1,0,0,0,0,0,37,17,0,1,0,0,0,0,0,0,0,52,0,0,0,0,1,0,0,6,0,0,0,0,0,0,0,0,0,0,4,0,64,0,26,0,0,0,0,0,0,0,0,0,0,0,0,0,0,0,0,0,0,0,0,14,24,1,1,3,0,0,0,10,0,0,0,3,0,0,0,0,0,27,0,0,0,0,2,13,0,0,0,0,0,6,0,0,0,44,0,0,13,0,4,0,0,0,0,24,15,0,21,2,0,0,8,0,0,0,0,4,0,0,0,0,0,0,0,8,0,5,6,0,0,0,0,0,0,0,0,0,0,0,0,0,0,0,0,0,5,2,0,0,0,0,0,11,0,0,4,1,0,0,0,0,0,0,0,0,0,0,0,2,0,0,3,0,0,0,18,49,0,0,0
177,"lib_J_tag_ACTGAT","J-21","J_ACTGAT","J","ACTGAT","PCT-N-1000","spatial",1000,"N",4,"environmental",-122.3882071,47.72273692,56,6,14,30919,39894,958,1233,0,3141,1106,557,0,15491,8431,0,1,977,0,0,10392,0,0,0,2276,0,0,0,0,0,0,23,10,0,0,0,16,6,6881,50,0,0,0,3031,0,2,0,0,0,438,0,0,0,0,0,0,13,0,0,0,0,0,0,0,0,41,0,0,0,0,0,391,1,0,0,0,0,0,5,0,13,0,0,0,57,0,0,517,0,2,504,66,0,0,3,120,41,0,0,286,28,76,0,0,9,0,196,49,0,165,0,0,0,16,0,4,0,0,0,235,0,0,3,0,0,0,0,0,5,0,0,0,0,0,8,0,2,0,110,0,1,0,0,0,2,6,0,10,0,0,5,0,0,0,55,0,0,0,0,0,0,0,5,0,0,0,0,180,0,0,199,391,0,0,0,22,4,0,0,0,0,0,0,0,49,18,0,0,0,0,0,0,0,0,0,64,0,0,0,0,1,0,0,8,0,0,0,0,0,0,0,0,0,0,7,0,56,0,34,0,0,0,0,0,0,0,0,0,0,0,0,0,0,0,0,0,0,0,0,14,22,1,1,2,0,0,0,6,0,0,0,1,0,0,0,0,0,30,0,0,0,0,1,10,0,0,0,0,0,11,0,0,0,30,0,0,13,0,6,0,0,0,0,19,16,0,15,2,0,0,8,0,0,0,0,3,0,0,0,0,0,0,0,10,0,6,3,0,0,0,0,0,0,0,0,0,0,0,1,0,0,0,0,0,6,3,0,0,0,0,0,14,0,0,3,3,0,0,0,0,0,0,1,0,0,0,0,5,0,0,2,0,0,0,20,32,0,0,1
180,"lib_A_tag_ACACAC","A-1","A_ACACAC","A","ACACAC","PCT-N-2000","spatial",2000,"N",1,"environmental",-122.3984387,47.72850982,57,7,15,24732,44,0,1,0,125,3931,0,0,47295,0,31129,0,0,0,2,11,0,16698,0,230,0,0,0,0,0,0,2,3,0,6,0,59,0,0,1,0,0,0,1,0,5,0,0,8,0,2,0,0,0,0,0,0,0,0,0,0,0,0,0,0,0,0,259,0,0,0,628,0,0,0,0,0,0,0,552,29,0,0,0,0,0,0,0,0,0,0,0,429,0,0,315,4,0,266,0,0,160,0,0,0,254,0,5,0,0,0,832,0,0,0,7,0,0,676,0,0,0,8,0,0,191,0,0,0,0,0,2,0,0,0,0,0,0,0,61,2,64,0,0,2,0,0,3,0,0,0,0,0,0,0,160,0,0,0,0,0,0,0,0,0,0,57,0,0,0,0,0,35,263,0,0,0,0,0,0,0,0,0,0,0,0,0,0,0,0,0,272,0,0,0,0,0,0,0,0,0,0,0,0,0,0,0,0,130,0,0,0,0,0,0,0,0,0,0,0,0,0,0,0,0,0,0,0,0,0,110,0,0,0,0,0,50,0,0,0,0,0,0,0,0,0,0,0,0,0,0,1,0,0,31,0,0,0,0,0,0,0,0,0,0,0,0,0,0,0,0,0,0,0,0,19,0,0,0,0,0,0,1,0,0,0,5,0,0,0,0,0,16,0,0,0,0,0,0,0,0,0,0,0,0,0,5,0,0,0,0,45,0,0,0,0,0,0,0,0,0,0,0,0,0,0,0,0,0,0,0,0,0,0,0,0,0,0,0,0,0,0,0,0,0,0,0,0,0,0,0,0,0,0,0,0,0,0,0
181,"lib_A_tag_ACAGCA","A-2","A_ACAGCA","A","ACAGCA","PCT-N-2000","spatial",2000,"N",2,"environmental",-122.3984387,47.72850982,58,7,15,23923,22,1,0,1,112,3241,1,4,48469,0,31856,0,0,18,6,13,0,15636,0,177,0,5,1,0,0,0,0,1,0,0,0,30,0,0,2,0,0,0,0,0,4,1,0,0,1,0,0,3,0,0,0,0,0,0,0,0,0,0,1,0,0,0,188,0,0,0,642,0,0,0,0,0,0,0,661,17,0,0,0,0,0,0,0,0,0,0,0,498,0,0,361,10,0,351,0,0,192,0,0,0,241,0,8,0,0,0,1017,0,0,0,6,0,0,779,0,0,0,6,0,0,207,0,0,0,0,0,0,0,0,0,0,0,0,0,90,1,65,0,0,1,0,0,3,0,0,0,0,0,0,0,179,0,0,0,0,0,0,0,0,0,0,59,0,0,0,0,0,45,324,0,0,0,0,0,0,0,0,0,0,0,0,0,0,0,0,0,296,0,0,0,0,0,0,0,0,0,0,0,0,0,0,0,0,125,0,0,0,0,0,0,0,0,0,0,0,0,0,0,0,0,0,0,0,0,0,138,0,0,0,0,0,52,0,0,0,0,0,0,0,0,0,0,0,0,0,0,0,0,0,20,0,0,0,0,0,0,0,0,0,0,0,0,0,0,0,0,0,0,0,0,16,0,0,0,0,0,0,0,0,0,0,8,0,0,0,0,0,12,0,0,2,0,0,0,0,0,0,0,0,0,0,6,0,0,0,0,66,0,0,0,0,0,0,0,0,0,0,0,0,0,0,0,0,0,0,0,0,0,0,0,0,0,0,0,0,0,0,0,0,0,0,0,0,0,0,0,0,0,0,0,0,0,0,0
182,"lib_E_tag_ACAGCA","E-2","E_ACAGCA","E","ACAGCA","PCT-N-2000","spatial",2000,"N",3,"environmental",-122.3984387,47.72850982,59,7,15,24201,5,0,0,0,108,3566,0,1,47635,1,31508,0,0,12,0,3,0,16216,0,233,0,1,0,0,0,0,0,2,0,0,0,39,0,0,1,0,0,0,0,0,3,0,0,0,2,0,0,0,0,0,0,0,0,0,0,0,0,0,0,0,0,0,218,0,0,0,713,0,0,0,0,0,0,0,608,20,0,0,0,0,0,0,0,0,0,0,0,501,0,0,369,12,0,328,0,0,164,0,0,0,246,0,5,0,0,0,961,0,0,0,5,0,0,792,0,0,0,7,0,0,235,0,0,0,0,0,1,0,0,0,0,0,0,0,88,1,67,0,0,3,0,0,2,0,0,0,0,0,0,0,184,0,0,0,0,0,0,0,0,0,0,54,0,0,0,0,0,38,315,0,0,0,0,0,0,0,0,0,0,0,0,0,0,0,0,0,263,0,0,0,0,0,0,0,0,0,0,0,0,0,0,0,0,138,0,0,0,0,0,0,0,0,0,0,0,0,0,0,0,0,0,0,0,0,0,134,0,0,0,0,0,44,0,0,0,0,0,0,0,0,0,0,0,0,0,0,3,0,0,28,0,0,0,0,0,0,0,0,0,0,0,0,0,0,0,0,0,0,0,0,24,0,0,0,0,0,0,0,0,0,0,12,0,0,0,0,0,18,0,0,2,0,0,0,0,0,0,0,0,0,0,6,0,0,0,0,57,0,0,0,0,0,0,0,0,0,0,0,0,0,0,0,0,0,0,0,0,0,0,0,0,0,0,0,0,0,0,0,0,0,0,0,0,0,0,0,0,0,0,0,0,0,0,0
183,"lib_H_tag_GCGAGT","H-16","H_GCGAGT","H","GCGAGT","PCT-N-2000","spatial",2000,"N",4,"environmental",-122.3984387,47.72850982,60,7,15,25948,6,4,0,0,125,4218,0,0,44704,0,30919,0,0,0,4,0,0,16540,0,273,0,2,0,0,0,0,0,2,0,0,0,45,0,0,1,0,0,0,1,0,4,0,0,0,1,0,0,0,0,0,0,0,0,0,0,0,0,0,1,0,0,0,239,0,0,0,758,0,0,0,0,0,0,0,640,26,0,0,0,0,0,0,0,0,0,0,0,509,0,0,441,17,0,323,0,0,206,0,0,0,327,0,11,0,0,0,1037,0,0,0,10,0,0,865,0,0,0,11,0,0,241,0,0,0,0,0,0,0,0,0,0,0,0,0,109,2,100,0,0,6,0,0,2,0,0,0,0,0,0,0,197,0,0,0,0,0,0,0,0,0,0,71,0,0,0,0,0,53,281,0,0,0,0,0,0,0,0,0,0,0,0,0,0,0,0,0,363,0,0,0,0,0,0,0,0,0,0,0,0,0,0,0,0,168,0,0,0,0,0,0,0,0,0,0,0,0,0,0,0,0,0,0,0,0,0,130,0,0,0,0,0,53,0,0,0,0,0,0,0,0,0,0,0,0,0,0,2,0,0,34,0,0,0,0,0,0,0,0,0,0,0,0,0,0,0,0,0,0,0,0,27,0,0,0,0,0,0,0,0,0,0,16,0,0,0,0,0,29,0,0,2,0,0,0,0,0,0,0,0,0,0,11,0,0,0,0,55,0,0,0,0,0,0,0,0,0,0,0,0,0,0,0,0,0,0,0,0,0,0,0,0,0,0,0,0,0,0,0,0,0,0,0,0,0,0,0,0,0,0,0,0,0,0,0
186,"lib_A_tag_ACTCTG","A-20","A_ACTCTG","A","ACTCTG","PCT-N-4000","spatial",4000,"N",1,"environmental",-122.4189088,47.74005288,61,8,16,2351,11232,8,24,3,613,32,0,108053,0,3778,1,0,0,176,0,0,5,0,0,2,0,0,0,0,3,257,0,42,0,1,0,25,0,0,0,2,0,0,0,0,6,0,0,0,0,0,0,0,3,0,3,0,0,0,0,2,1,0,0,0,655,0,0,0,0,0,0,0,0,0,964,0,0,0,0,0,0,0,0,2,0,0,0,0,0,0,4,0,0,43,0,0,0,0,0,0,0,0,0,0,0,0,0,0,0,0,0,4,0,0,0,0,0,0,0,0,0,0,0,0,0,0,0,0,0,0,0,0,0,0,0,0,0,0,0,0,0,0,417,0,0,0,0,0,0,0,0,0,0,0,0,290,0,0,0,0,0,0,0,0,0,0,0,0,0,0,0,0,0,0,0,0,0,0,1,0,0,0,209,0,0,0,0,0,0,0,0,0,0,137,0,0,0,1,0,0,0,168,0,0,24,0,0,0,0,0,0,0,0,0,0,0,0,0,0,165,0,0,0,0,0,0,0,0,143,0,0,0,0,0,0,0,0,0,0,0,0,0,0,0,0,23,0,0,0,97,0,0,0,0,0,93,0,0,0,0,0,0,0,0,0,0,39,0,0,0,0,0,0,0,0,0,0,0,0,0,0,0,0,0,0,0,0,0,0,0,0,0,0,0,0,0,0,0,0,0,23,0,1,0,0,0,0,0,0,0,0,0,0,0,0,48,0,1,0,0,0,0,0,3,0,0,0,0,0,0,0,0,0,0,0,0,36,0,37,20,0,0,0,0,0,0,0,0,6,0,0,0,22,0,0,0,0,0
187,"lib_E_tag_TACGTG","E-23","E_TACGTG","E","TACGTG","PCT-N-4000","spatial",4000,"N",2,"environmental",-122.4189088,47.74005288,62,8,16,2043,9817,12,0,0,525,29,0,110496,0,3443,0,0,0,168,0,0,0,0,0,1,0,0,0,0,0,223,0,47,0,0,0,29,0,0,0,3,0,0,0,0,6,0,0,0,0,0,0,0,0,0,0,0,0,0,0,1,0,0,0,0,575,0,0,0,0,0,0,0,0,0,888,0,0,0,0,0,0,0,0,2,0,0,0,0,0,0,3,0,0,47,0,0,0,0,0,0,0,0,0,0,0,0,0,0,0,0,0,4,0,0,0,0,0,0,0,0,0,0,0,0,0,0,0,0,0,0,0,0,1,0,0,0,0,0,0,0,0,0,373,0,0,0,0,0,0,0,0,0,0,0,0,265,0,0,0,0,2,0,0,0,0,0,0,0,0,0,0,0,0,0,0,0,0,0,0,0,0,0,233,0,0,0,0,0,0,0,0,0,0,162,0,0,0,1,0,0,0,195,0,0,17,0,0,0,0,0,0,0,0,1,0,0,0,0,0,139,0,2,0,0,0,0,0,0,121,0,0,0,0,0,0,0,0,0,0,0,0,0,0,0,0,27,0,0,0,96,0,0,0,0,0,86,0,0,0,0,0,0,0,0,0,0,28,0,0,0,0,0,0,0,0,0,0,0,0,0,0,0,0,0,0,0,0,0,0,0,1,0,0,0,0,0,0,0,0,0,37,0,2,0,0,0,0,0,0,0,0,0,0,0,1,43,0,1,0,0,0,0,0,1,0,0,0,0,0,0,0,0,0,0,0,0,26,0,40,21,0,0,0,0,0,0,0,0,6,0,0,0,21,0,0,0,0,0
184,"lib_F_tag_GCGCTC","F-4","F_GCGCTC","F","GCGCTC","PCT-N-4000","spatial",4000,"N",3,"environmental",-122.4189088,47.74005288,63,8,16,2397,13784,0,1,2,637,38,0,104804,0,3804,0,0,0,185,0,0,0,0,0,1,0,0,0,0,0,261,0,63,0,0,0,29,1,0,0,2,0,0,0,0,6,0,0,0,0,0,0,0,0,0,0,0,0,0,0,4,0,0,0,0,618,0,0,0,0,0,0,0,0,0,920,0,0,0,0,1,0,0,0,6,0,0,0,0,0,0,6,0,0,42,0,0,0,0,0,0,0,0,0,0,0,0,0,0,0,0,0,11,0,0,0,0,0,0,0,0,0,0,0,0,0,0,0,0,0,0,0,0,0,0,0,0,0,0,0,0,0,0,535,0,0,0,0,0,0,0,0,0,0,0,0,372,0,0,0,0,0,0,0,0,0,0,0,0,0,0,0,0,0,0,0,0,0,0,1,0,0,0,288,0,0,0,0,0,0,0,0,0,0,230,0,0,0,1,0,0,0,210,0,0,39,0,0,0,0,0,0,0,0,1,0,0,0,0,0,199,0,2,0,0,0,0,0,1,117,0,0,0,0,0,0,0,0,0,0,0,0,0,0,0,0,51,0,0,0,120,0,0,0,0,0,135,0,0,0,0,0,0,0,0,0,0,48,0,0,1,0,0,0,0,0,0,0,0,0,0,0,0,0,0,0,0,0,0,0,0,1,0,0,0,0,0,0,0,0,0,40,0,9,0,0,0,0,0,0,0,0,0,0,0,0,63,0,2,0,0,0,0,0,2,0,0,0,0,0,0,0,0,0,0,0,0,55,0,49,45,0,0,0,0,0,0,0,0,8,0,0,0,30,0,0,0,0,0
185,"lib_G_tag_CTCGCA","G-8","G_CTCGCA","G","CTCGCA","PCT-N-4000","spatial",4000,"N",4,"environmental",-122.4189088,47.74005288,64,8,16,2046,11375,4,0,3,555,34,0,108475,0,3292,0,0,1,201,0,0,1,0,1,1,0,0,0,0,0,245,0,50,0,0,1,34,1,0,0,1,0,0,0,0,11,0,0,0,0,0,1,0,0,0,0,0,0,0,0,1,1,0,0,0,598,0,0,0,0,0,0,0,0,0,953,0,0,0,0,0,0,0,0,1,0,0,0,0,0,0,5,0,0,48,0,0,0,0,0,0,0,0,0,0,0,0,0,0,0,0,0,3,0,0,0,0,0,0,0,0,0,0,0,0,0,0,0,0,0,0,0,0,0,0,0,0,0,0,0,0,0,0,462,0,0,0,0,0,0,0,0,0,0,0,0,369,0,0,0,0,0,0,0,0,0,0,0,0,0,0,0,0,0,0,0,0,0,0,1,0,0,0,260,0,0,0,0,0,0,0,0,0,0,151,0,0,0,1,0,0,0,182,0,0,20,0,0,0,0,0,0,0,0,2,0,0,0,0,0,159,0,3,0,0,0,0,0,0,145,0,0,0,0,0,0,0,0,0,0,0,0,0,0,0,0,32,0,0,0,125,0,0,0,0,0,119,0,0,0,0,0,0,0,0,0,0,43,0,0,0,1,0,0,0,0,0,0,0,0,0,0,0,0,0,0,0,0,0,0,0,1,0,0,0,0,0,0,0,0,0,33,0,4,0,0,0,0,0,0,0,0,0,0,0,1,68,0,1,0,0,0,0,0,2,0,0,0,0,0,0,0,0,0,0,0,0,44,0,36,45,0,0,0,0,0,0,0,0,7,0,0,0,28,0,0,0,0,0
191,"lib_B_tag_ACTCTG","B-20","B_ACTCTG","B","ACTCTG","PCT-S-0000","spatial",0,"S",1,"environmental",-122.3892904,47.70478154,65,1,17,64523,1210,3435,2,17678,1,2,2,0,0,5,0,0,18597,0,0,0,0,0,0,9,0,0,0,0,0,0,0,1,0,0,0,550,0,13989,0,60,0,0,0,0,1,1,332,0,19,0,0,0,0,0,0,1,0,5,3515,0,0,0,0,0,0,670,0,496,0,0,0,0,0,1686,0,0,2208,0,0,0,0,0,0,56,0,0,0,0,0,0,8,0,0,0,0,1,0,0,0,0,0,0,0,0,0,0,0,0,0,0,0,0,0,0,0,0,0,0,0,0,133,0,0,0,0,0,0,0,0,0,0,0,0,0,559,0,0,0,0,3,0,0,0,0,0,0,0,0,0,0,0,0,0,0,0,0,15,0,0,0,0,0,19,0,0,0,0,0,0,0,0,0,0,0,0,0,0,0,0,18,0,0,0,0,0,0,0,0,0,0,0,0,4,0,0,0,0,0,0,0,0,0,2,0,0,0,0,0,0,0,0,0,0,5,0,0,28,0,0,0,0,0,6,0,0,0,0,0,0,0,0,0,0,0,0,0,0,0,0,0,0,0,0,0,0,0,0,0,0,0,0,0,0,0,0,0,0,0,0,111,0,0,51,0,0,0,0,0,0,0,0,0,13,0,0,0,0,0,0,0,0,0,0,0,0,0,0,76,0,1,0,0,0,0,0,0,0,0,56,59,0,0,0,0,0,0,0,0,0,0,0,0,0,4,0,0,0,0,0,0,0,17,0,0,0,27,0,0,0,0,0,0,0,0,0,0,0,0,0,0,0,0,0,0,0,0,0,0,0,0,0,2,0,0,0,0,0,0
189,"lib_E_tag_ATATCG","E-7","E_ATATCG","E","ATATCG","PCT-S-0000","spatial",0,"S",2,"environmental",-122.3892904,47.70478154,66,1,17,65519,1081,3331,0,18671,2,8,1,0,0,0,1,0,16288,2,0,1,4,0,0,11,0,18,0,0,1,0,15,4,0,0,0,543,7,15189,2,55,0,0,0,0,1,0,320,1,22,0,0,0,0,0,0,0,0,4,3372,0,0,0,0,0,0,653,0,493,0,0,0,0,0,1492,0,0,2096,0,0,0,0,0,0,37,0,0,0,0,0,0,6,0,0,0,0,1,0,0,0,0,0,0,0,0,0,0,0,0,0,0,0,0,0,0,0,0,0,0,0,0,73,0,0,0,0,0,0,0,0,0,0,0,1,0,571,0,0,0,0,5,0,0,0,0,0,0,0,0,0,0,0,0,0,0,0,0,13,0,0,0,0,0,19,0,0,0,0,0,0,0,0,0,0,0,0,0,0,0,0,13,0,0,0,0,0,0,0,0,0,0,0,0,3,0,0,0,0,0,0,0,0,0,1,0,0,0,0,0,0,0,0,0,0,4,0,0,19,0,0,0,0,0,4,0,0,0,0,0,0,0,0,0,0,0,0,0,0,0,0,0,0,0,0,0,0,0,0,0,0,0,0,0,0,0,0,0,0,0,0,87,0,0,32,0,0,0,0,0,0,0,0,0,8,0,0,0,0,0,0,0,0,0,0,0,0,0,0,51,0,0,0,0,0,0,0,0,0,0,44,36,0,0,0,0,0,0,0,0,0,0,0,0,0,4,0,0,0,1,0,0,0,5,0,0,0,14,0,0,0,0,0,0,0,0,1,0,0,0,0,0,0,0,0,0,0,0,0,0,0,0,0,1,0,0,0,0,0,0
188,"lib_F_tag_ACATGT","F-5","F_ACATGT","F","ACATGT","PCT-S-0000","spatial",0,"S",3,"environmental",-122.3892904,47.70478154,67,1,17,64527,1286,2600,0,18007,0,0,0,0,0,0,0,0,18969,0,0,1,0,0,0,8,0,0,0,0,0,0,0,0,0,0,0,599,0,14621,0,75,0,0,0,0,1,0,352,0,26,0,0,0,0,0,0,0,0,4,3621,0,0,0,0,0,0,757,0,388,0,0,0,0,0,1840,0,0,1642,0,0,0,0,0,0,50,0,0,0,0,0,0,5,0,0,0,0,0,0,0,0,0,0,0,0,0,0,0,0,0,0,0,0,0,0,0,0,0,0,0,0,0,94,0,0,0,0,0,0,0,0,0,0,0,0,0,442,0,0,0,0,3,0,0,0,0,0,0,0,0,0,0,0,0,0,0,0,0,12,0,0,0,0,0,13,0,0,0,0,0,0,0,0,0,0,0,0,0,0,0,0,15,0,0,0,0,0,0,0,0,0,0,0,0,7,0,0,0,0,0,0,0,0,0,1,0,0,0,0,0,0,0,0,0,0,9,0,0,13,0,0,0,0,0,5,0,0,0,0,0,0,0,0,0,0,0,0,0,0,0,0,0,0,0,0,0,0,0,0,0,0,0,0,0,0,0,0,0,0,0,0,74,0,0,42,0,0,0,0,0,0,0,0,0,11,0,0,0,0,0,0,0,0,0,0,0,0,0,0,55,0,0,0,0,0,0,0,0,0,0,41,32,0,0,0,0,0,0,0,0,0,0,0,0,0,3,0,0,0,1,0,0,0,11,0,0,0,24,0,0,0,0,0,0,0,0,0,0,0,0,0,0,0,0,0,0,0,0,0,0,0,0,0,3,0,0,0,0,0,0
190,"lib_H_tag_ACTAGC","H-17","H_ACTAGC","H","ACTAGC","PCT-S-0000","spatial",0,"S",4,"environmental",-122.3892904,47.70478154,68,1,17,63795,1341,2738,0,17489,16,0,0,0,5,0,0,0,19717,0,0,0,1,0,0,10,0,3,1,0,0,0,0,0,0,0,0,570,0,14424,0,67,0,0,0,0,2,0,369,0,18,0,0,0,0,0,0,0,0,5,3841,0,0,0,0,0,0,773,0,377,0,0,0,0,0,1822,0,0,1757,0,0,0,0,0,0,62,0,0,0,0,0,0,5,0,0,0,0,5,0,0,0,0,0,0,0,0,0,0,0,0,0,0,0,0,0,0,0,0,0,0,0,0,116,0,0,0,0,0,0,0,0,0,0,0,0,0,470,0,0,0,0,3,0,0,0,0,0,0,0,0,0,0,0,0,0,0,0,0,12,0,0,0,0,0,39,0,0,0,0,0,0,0,0,0,0,0,0,0,0,0,0,14,0,0,0,0,0,0,0,0,0,0,0,0,6,0,0,0,0,0,0,0,0,0,0,0,0,0,0,0,0,0,0,0,0,12,0,0,23,0,0,0,0,0,7,0,0,0,0,0,0,0,0,0,0,0,0,0,0,0,0,0,0,0,0,0,0,0,0,0,0,0,0,0,0,0,0,0,0,0,0,71,0,0,57,0,0,0,0,0,0,0,0,0,17,0,0,0,0,0,0,0,0,0,0,0,0,0,0,75,0,1,0,0,0,0,0,0,0,0,42,43,0,0,0,0,0,0,0,0,0,0,0,0,0,3,0,0,0,0,0,0,0,16,0,0,0,31,0,0,0,0,0,0,0,0,0,0,0,0,0,0,0,0,0,0,0,0,0,0,0,0,0,3,0,0,0,0,0,0
193,"lib_A_tag_ACTAGC","A-17","A_ACTAGC","A","ACTAGC","PCT-S-0075","spatial",75,"S",1,"environmental",-122.3900573,47.70521461,69,2,18,39248,13575,6098,0,4669,5789,198,2,0,25939,3681,4,0,6,0,1,0,11361,0,0,279,51,0,9559,0,1,5,0,4,0,0,35,259,0,2,5,48,0,0,0,1,510,757,0,0,0,4376,0,0,0,0,0,267,0,153,1,3,0,0,0,0,0,0,0,122,278,0,791,74,0,0,0,0,1,0,0,2,0,0,0,28,0,0,0,0,0,0,42,0,0,6,251,10,0,0,213,1,170,0,0,0,0,0,12,0,109,0,0,0,0,0,1,55,0,0,0,0,0,2,0,0,0,0,0,0,0,0,3,0,0,0,0,0,0,68,0,4,0,0,0,0,0,20,7,23,0,0,0,0,0,36,0,0,6,0,0,0,11,0,0,0,0,0,0,0,0,0,0,0,0,0,0,0,0,0,0,5,3,2,0,35,0,0,0,0,0,0,0,161,1,0,0,0,1,7,15,0,0,0,3,28,0,124,2,0,0,0,0,0,0,5,38,0,0,28,18,0,0,0,2,39,0,0,28,4,0,0,0,0,0,0,0,0,0,0,0,0,0,0,0,0,10,0,3,0,0,0,1,0,0,0,0,0,23,0,0,0,1,0,0,77,0,0,0,0,16,0,2,0,0,0,0,0,0,0,24,0,0,0,8,0,0,4,0,0,0,4,0,0,42,0,1,0,47,3,0,0,0,0,1,0,0,10,0,14,0,0,0,0,8,0,0,0,0,3,0,0,0,0,0,1,0,0,0,0,0,0,18,0,0,0,0,0,0,0,0,0,0,0,1,13,0,0,0,0,0,0,0,0,0,0,0,0,0,0
195,"lib_A_tag_AGAGAG","A-28","A_AGAGAG","A","AGAGAG","PCT-S-0075","spatial",75,"S",2,"environmental",-122.3900573,47.70521461,70,2,18,39645,13659,6094,0,4593,5868,169,1,0,26320,3587,1,0,0,1,0,2,11491,0,11,225,48,0,9228,0,0,5,2,0,0,0,27,290,2,0,7,40,0,0,0,2,439,731,0,0,0,4178,0,0,0,0,0,221,0,130,0,0,0,0,0,0,0,1,0,119,232,0,815,64,0,0,0,0,0,0,0,3,0,0,0,25,0,1,0,0,0,0,36,0,0,7,223,9,0,0,202,0,173,0,0,0,0,0,4,0,117,0,0,0,0,0,2,55,0,0,0,0,0,1,0,0,0,0,0,0,0,0,3,0,0,0,0,0,0,60,0,5,0,0,0,0,0,18,3,21,0,0,0,0,0,34,0,0,6,0,0,0,5,0,0,0,0,0,0,0,0,0,0,0,0,0,0,0,0,0,0,6,3,2,0,46,0,0,0,0,0,0,0,142,0,0,0,0,1,5,15,2,0,0,4,32,0,116,1,0,0,0,0,0,0,2,29,0,0,30,21,0,0,0,2,40,0,0,31,3,0,0,0,0,0,0,0,0,0,0,0,0,0,0,0,0,8,0,0,0,0,0,0,0,0,0,0,0,20,0,0,0,0,0,0,72,0,0,0,0,14,0,2,0,0,0,0,0,0,0,26,0,0,0,3,0,0,5,0,0,0,5,0,0,48,0,0,0,36,6,0,0,0,0,2,0,0,14,0,11,0,0,0,0,5,0,0,0,0,1,0,0,0,0,0,0,0,0,0,0,0,0,15,0,0,0,0,0,0,0,0,0,0,0,1,10,0,0,0,0,0,0,0,0,0,0,0,0,0,0
194,"lib_F_tag_ACTAGC","F-17","F_ACTAGC","F","ACTAGC","PCT-S-0075","spatial",75,"S",3,"environmental",-122.3900573,47.70521461,71,2,18,38242,13741,5960,0,4559,5704,231,0,0,25738,3618,1,0,0,0,1,0,11983,0,0,278,56,1,10015,0,0,4,0,0,0,0,22,251,2,0,6,51,0,0,0,0,518,776,0,0,0,4474,0,0,0,0,0,260,0,134,0,0,0,0,0,0,0,0,0,115,325,0,813,78,1,0,0,0,0,0,0,4,1,1,0,18,0,0,0,0,0,0,45,0,0,9,244,10,0,0,205,0,182,0,0,0,0,0,11,0,114,0,0,0,0,0,0,63,0,0,0,0,0,1,0,0,0,0,0,0,0,0,4,0,0,0,0,0,0,84,0,6,0,0,0,0,0,22,5,18,0,0,0,0,0,43,0,0,7,0,0,0,14,0,0,0,0,0,0,0,0,0,0,0,0,0,0,0,0,0,0,4,5,2,0,40,0,0,0,0,0,0,0,174,1,0,0,0,0,8,15,0,0,0,4,30,0,131,2,0,2,0,0,0,0,3,42,0,0,33,22,0,0,0,2,45,0,0,28,8,0,0,0,0,0,0,0,0,0,0,0,0,0,0,1,0,7,0,2,0,0,0,0,0,0,0,0,0,25,0,0,0,1,0,0,72,0,0,0,0,18,0,3,0,0,0,0,0,0,0,30,0,0,0,5,0,0,5,0,0,0,3,0,0,49,0,1,0,56,5,0,0,0,0,4,0,0,10,0,22,0,0,0,0,8,0,0,0,0,6,0,0,0,0,0,0,0,0,0,0,0,0,18,0,0,1,0,0,0,0,0,0,0,0,1,13,0,0,0,0,0,0,0,0,0,0,0,0,0,0
192,"lib_J_tag_ACAGCA","J-2","J_ACAGCA","J","ACAGCA","PCT-S-0075","spatial",75,"S",4,"environmental",-122.3900573,47.70521461,72,2,18,38629,13535,5660,0,4408,5646,202,0,0,25301,3416,0,0,0,0,0,0,12085,0,0,251,64,0,10669,0,0,2,0,0,0,0,21,237,2,0,5,34,0,0,0,0,514,734,0,0,0,4317,0,0,0,0,0,287,0,154,0,0,0,0,0,0,0,0,0,106,387,0,932,65,0,0,0,0,0,0,0,3,0,0,0,32,0,0,0,0,0,0,51,0,0,7,272,11,0,0,233,0,210,0,0,0,0,0,13,0,135,0,0,0,0,0,2,71,0,0,0,0,0,1,0,0,0,0,0,0,0,0,7,0,0,0,0,0,0,80,0,5,0,0,0,0,0,31,7,20,0,0,0,0,0,38,0,0,7,0,0,0,16,0,0,0,0,0,0,0,0,0,0,0,0,0,0,0,0,0,0,8,2,3,0,44,0,0,0,0,0,0,0,220,1,0,0,0,2,11,18,0,0,0,4,33,0,151,2,0,3,0,0,0,0,3,36,0,0,41,20,0,0,0,3,49,0,0,24,8,0,0,0,0,0,0,0,0,0,0,0,0,0,0,1,0,11,0,0,0,0,0,2,0,0,0,0,0,29,0,0,0,1,0,0,88,0,0,0,0,17,0,3,0,0,0,0,0,0,0,45,0,0,0,8,0,0,6,0,0,0,6,0,0,55,0,2,0,61,6,0,0,0,0,1,0,0,20,0,17,0,0,0,0,5,0,0,0,0,1,0,0,0,0,0,1,0,0,0,0,0,0,18,0,0,0,0,0,0,0,0,0,0,0,1,12,0,0,0,0,0,0,0,0,0,0,0,0,0,0
196,"lib_B_tag_ACAGCA","B-2","B_ACAGCA","B","ACAGCA","PCT-S-0125","spatial",125,"S",1,"environmental",-122.3905686,47.70550332,73,3,19,63292,16720,9463,76,2,5966,1280,0,5,0,8430,650,0,0,0,15,0,0,0,0,1251,1,1,1,0,6991,7,0,4,0,0,0,722,0,0,0,9,0,0,0,0,187,0,0,0,53,2358,0,0,8690,0,0,596,0,0,0,2,0,0,0,0,0,0,0,0,0,0,0,24,258,158,0,0,0,0,0,10,0,0,0,51,0,22,0,0,1,0,94,0,0,0,0,79,1,0,0,0,0,0,249,3,0,0,42,0,0,0,0,0,0,0,6,0,744,0,0,1,0,6,0,0,0,0,0,0,0,0,3,0,0,0,0,0,527,0,11,1,0,0,0,4,1,0,22,0,4,0,0,0,0,72,0,0,16,0,10,321,0,0,0,0,0,0,0,0,0,0,0,2,0,284,0,0,0,0,0,12,5,4,0,0,0,0,0,0,0,0,0,0,13,0,0,0,1,0,0,2,4,0,11,0,0,0,5,0,3,0,12,0,0,6,0,0,0,0,0,0,0,0,8,54,0,0,0,11,0,0,0,0,0,56,0,0,0,0,0,0,0,0,3,0,0,0,4,0,2,0,7,0,0,0,0,0,0,0,0,0,2,1,0,0,0,0,0,0,0,0,2,0,0,0,2,0,0,0,0,0,0,0,0,0,0,0,1,0,86,9,0,2,0,0,14,0,0,0,0,0,0,0,4,0,0,0,0,10,2,0,0,0,0,0,0,0,0,5,0,0,0,0,0,4,0,7,0,0,0,0,0,0,0,4,0,0,0,0,0,0,9,0,1,0,0,0,1,5,0,2,3,0,0,0,0,0,39,1
198,"lib_G_tag_ACTCTG","G-20","G_ACTCTG","G","ACTCTG","PCT-S-0125","spatial",125,"S",2,"environmental",-122.3905686,47.70550332,74,3,19,61654,16942,9832,84,5,6195,1379,8,2,0,8583,647,0,0,0,8,0,0,0,0,1390,0,0,0,0,7007,8,0,12,0,1,0,814,1,0,0,24,0,0,0,0,188,3,0,0,61,2473,0,0,8894,0,0,616,0,0,0,4,0,0,0,0,1,0,0,0,0,0,0,24,269,166,0,0,0,0,0,21,0,0,0,49,0,27,0,0,1,0,106,0,0,0,0,86,0,0,0,0,0,0,229,2,0,0,52,0,0,0,0,0,0,0,5,0,648,0,0,0,0,7,0,0,0,0,0,3,0,0,6,0,0,2,0,0,549,0,13,2,0,0,1,3,0,0,24,0,5,2,0,0,0,78,0,0,21,0,5,295,0,1,0,0,0,0,0,0,0,0,0,3,0,227,0,0,0,0,0,16,7,5,0,0,0,0,0,0,0,0,0,0,17,0,0,0,5,0,0,2,10,0,8,0,0,0,7,0,4,0,17,0,0,6,0,0,0,0,0,0,0,0,9,40,0,0,0,5,0,0,0,0,0,72,0,0,0,0,0,0,0,0,0,0,0,0,6,0,1,0,4,0,0,0,0,0,0,0,0,0,4,1,0,0,0,0,0,0,0,0,1,0,0,0,1,0,0,0,0,0,0,0,0,0,0,0,0,0,75,11,0,2,0,0,10,0,0,0,0,0,0,0,5,0,0,0,0,13,2,0,0,0,0,0,0,0,0,14,0,0,0,0,0,4,0,5,2,0,0,0,0,0,0,4,0,0,0,0,0,0,8,0,2,0,0,0,0,2,0,1,2,0,0,0,0,0,28,0
197,"lib_J_tag_ACTAGC","J-17","J_ACTAGC","J","ACTAGC","PCT-S-0125","spatial",125,"S",3,"environmental",-122.3905686,47.70550332,75,3,19,61200,17932,9794,81,1,6209,1367,0,0,0,8603,640,0,0,0,11,0,0,0,0,1329,0,0,0,0,6941,8,0,4,0,0,0,743,1,0,0,11,0,0,0,0,208,0,0,0,57,2462,0,0,8963,0,0,496,0,0,0,4,0,0,0,0,0,0,0,0,0,0,0,19,247,180,0,0,0,0,0,19,0,0,0,50,0,25,0,0,1,0,93,0,0,0,0,69,0,0,0,0,0,0,209,3,0,0,48,0,0,0,0,0,0,0,7,0,638,0,0,0,0,6,0,0,0,0,0,1,0,0,6,0,0,1,0,0,491,0,12,1,0,0,0,2,1,0,23,0,4,0,0,0,0,71,0,0,18,0,6,267,0,1,0,0,0,0,0,0,0,0,0,2,0,232,0,1,0,0,0,16,5,4,0,0,0,0,0,0,0,0,0,0,15,0,0,0,2,0,0,2,7,0,8,0,0,0,3,0,4,0,16,0,0,5,0,0,0,0,0,0,0,0,13,42,0,0,0,7,0,0,0,0,0,65,0,0,0,0,0,0,0,0,1,0,0,0,3,0,1,0,4,0,0,0,0,0,0,0,0,0,3,1,0,0,0,0,0,0,0,0,3,0,0,0,4,0,0,0,0,0,0,0,0,0,0,0,0,0,79,7,0,1,0,0,8,0,0,0,0,0,0,0,6,0,0,0,0,13,3,0,0,0,0,0,0,0,0,8,0,0,0,0,0,4,0,4,0,0,0,0,0,0,0,5,0,0,0,0,0,0,6,0,1,0,0,0,0,4,0,1,1,0,0,0,0,0,27,0
199,"lib_J_tag_TCTGCG","J-25","J_TCTGCG","J","TCTGCG","PCT-S-0125","spatial",125,"S",4,"environmental",-122.3905686,47.70550332,76,3,19,62456,17701,9504,35,0,6070,1134,0,0,0,8496,513,0,0,0,14,0,0,0,0,1245,0,0,0,0,6946,6,0,3,0,0,0,610,0,0,0,8,0,0,0,0,134,0,0,0,45,2161,0,0,8571,0,0,687,0,0,0,2,0,0,0,0,0,0,0,0,0,0,0,13,328,125,0,0,0,0,0,17,0,0,0,53,0,35,0,0,0,0,123,0,0,0,0,82,0,0,0,0,0,0,273,3,0,0,58,0,0,0,0,0,0,0,4,0,852,0,0,0,0,12,0,0,1,0,0,1,0,0,6,0,0,0,0,0,629,0,5,1,0,0,0,6,0,0,24,0,6,1,0,0,0,78,0,0,25,0,8,385,0,1,0,0,0,0,0,0,0,0,0,2,0,297,0,1,0,0,0,18,3,3,0,0,0,0,0,0,0,0,0,0,10,0,0,0,2,0,0,1,9,0,15,0,0,0,3,0,1,0,11,0,0,6,0,0,0,0,0,0,0,0,8,50,0,0,0,7,0,0,0,0,0,62,0,0,0,0,0,0,0,0,4,0,0,0,2,0,0,0,5,0,0,0,0,0,0,0,0,0,0,0,0,0,0,0,0,0,0,0,1,0,0,0,3,0,0,0,0,0,0,0,0,0,0,0,1,0,87,12,0,2,0,0,2,0,0,0,0,0,0,0,9,0,0,0,0,16,0,0,0,0,0,0,0,0,0,8,0,0,0,0,0,6,0,3,0,0,0,0,0,0,0,5,0,0,0,0,0,0,7,0,0,0,0,0,0,3,0,0,1,0,0,0,0,0,39,0
203,"lib_E_tag_CGACGC","E-15","E_CGACGC","E","CGACGC","PCT-S-0250","spatial",250,"S",1,"environmental",-122.3918469,47.70622508,77,4,20,80549,21358,1905,25,4914,10057,4712,0,0,0,178,249,0,0,0,1,0,1,0,0,1520,0,0,0,1,0,4,0,72,0,0,0,405,133,0,0,13,0,0,0,0,1230,252,0,0,0,904,41,0,0,0,0,3,0,90,0,0,0,0,0,0,32,0,0,49,0,0,0,100,3,0,0,0,0,0,0,42,0,0,0,80,0,0,0,0,0,0,88,0,0,3,0,81,0,0,0,0,0,0,0,2,0,0,64,0,0,0,0,0,0,0,21,0,0,0,0,0,0,27,0,0,0,625,0,0,0,0,22,0,0,0,0,0,0,0,10,4,0,0,0,9,0,14,23,10,4,0,0,0,0,1,0,0,13,0,5,0,0,0,0,0,0,0,0,0,0,0,0,0,0,0,0,0,0,0,0,17,22,7,0,0,0,0,0,0,0,0,0,0,6,0,0,1,4,0,0,6,1,0,22,0,0,0,9,0,11,0,2,0,0,10,0,0,0,0,0,0,0,0,6,8,0,0,0,29,0,0,0,0,0,0,0,0,0,0,0,0,0,0,2,0,9,0,5,0,1,0,9,0,0,0,0,0,0,0,0,0,5,0,0,0,0,0,0,0,0,0,9,0,0,0,1,0,0,0,0,0,0,0,0,0,0,0,0,0,0,3,0,1,0,0,9,0,0,4,0,0,0,0,0,0,0,0,0,8,0,0,0,71,3,0,0,0,0,5,0,0,0,0,0,0,0,0,0,0,0,0,0,0,0,6,0,0,0,0,0,0,0,0,5,0,0,0,0,0,0,0,0,0,0,0,0,0,0,0
200,"lib_K_tag_ACGACG","K-6","K_ACGACG","K","ACGACG","PCT-S-0250","spatial",250,"S",2,"environmental",-122.3918469,47.70622508,78,4,20,84641,18386,1769,0,5159,10139,4134,2,0,0,0,216,0,0,0,1,0,0,0,0,1380,0,0,0,0,0,0,0,60,0,0,0,378,135,0,1,5,0,0,0,0,1013,240,0,0,0,803,35,0,0,0,0,0,0,107,0,0,0,0,0,0,10,0,0,77,0,0,0,121,0,0,0,0,0,0,0,44,0,0,0,64,0,0,0,0,0,0,121,0,0,3,0,81,0,0,0,0,0,0,0,0,0,0,71,0,0,0,0,0,0,0,20,0,0,0,0,0,0,22,0,0,0,658,0,0,0,0,18,0,0,0,0,0,0,0,1,2,0,0,0,9,0,15,31,15,2,0,0,0,0,0,0,0,6,0,2,0,0,0,0,0,0,0,0,0,0,0,0,1,0,0,0,0,0,0,0,6,19,12,0,0,0,0,0,0,0,0,0,0,1,0,0,1,4,0,0,9,1,0,18,0,0,0,12,0,12,0,2,0,0,5,0,0,0,0,0,0,0,0,5,13,0,0,0,19,0,0,0,0,0,0,0,0,0,0,0,0,0,0,2,0,7,0,7,0,1,0,10,0,0,0,0,0,0,0,0,0,7,0,0,0,0,0,0,0,0,0,13,0,0,0,1,0,0,0,0,0,0,0,0,0,0,0,0,0,0,3,0,2,0,0,8,0,0,5,0,0,0,0,0,0,0,0,0,4,0,0,0,58,7,0,0,0,0,6,0,0,0,0,0,0,0,0,0,0,0,0,0,0,0,3,0,0,0,0,0,0,0,0,2,0,0,0,0,0,0,0,0,0,0,0,0,0,0,0
201,"lib_K_tag_CTCGCA","K-8","K_CTCGCA","K","CTCGCA","PCT-S-0250","spatial",250,"S",3,"environmental",-122.3918469,47.70622508,79,4,20,87362,16473,1768,0,5042,10229,3659,0,0,0,0,210,0,0,0,0,0,0,0,2,1344,0,0,0,0,0,1,0,57,0,0,0,338,139,0,0,11,0,0,0,0,981,227,0,0,0,708,32,0,0,0,0,0,0,103,0,0,0,0,0,0,6,0,0,65,0,0,0,112,0,0,0,0,0,0,0,43,0,0,0,62,0,0,0,0,0,0,106,0,0,3,0,102,0,0,0,0,0,0,0,0,0,0,57,0,0,0,0,0,0,0,18,0,0,0,0,0,0,20,0,0,0,621,0,0,0,0,16,0,0,0,0,0,0,0,5,3,0,0,0,11,0,25,24,16,3,0,0,0,0,0,0,0,12,0,6,0,0,0,0,0,0,0,0,0,0,0,0,4,0,0,0,0,0,0,0,6,17,12,0,0,0,0,0,1,0,0,0,0,3,0,0,1,8,0,0,4,2,0,13,0,0,0,12,0,6,0,1,0,0,5,0,0,0,0,0,0,0,0,5,17,0,0,0,39,0,0,0,0,0,0,0,0,0,0,0,0,0,0,2,0,4,0,3,0,2,0,11,0,0,0,0,0,0,0,0,0,5,0,0,0,0,0,0,0,0,0,7,0,0,0,2,0,0,0,0,0,0,0,0,0,0,0,0,0,0,2,0,2,0,0,5,0,0,2,0,0,0,0,0,0,0,0,0,4,0,0,0,55,3,0,0,0,0,5,0,0,0,0,0,0,0,0,0,0,0,0,0,0,0,2,0,0,0,0,0,0,0,0,1,0,0,0,0,0,0,0,0,0,0,0,0,0,0,0
202,"lib_K_tag_TCGCAT","K-9","K_TCGCAT","K","TCGCAT","PCT-S-0250","spatial",250,"S",4,"environmental",-122.3918469,47.70622508,80,4,20,82386,19997,1865,0,4950,10143,4577,0,0,0,0,241,1,0,0,1,0,0,0,0,1506,0,0,0,0,0,1,0,71,0,0,0,406,137,0,0,9,0,0,0,0,1178,263,0,0,0,841,38,1,0,0,0,0,0,94,0,0,0,0,0,1,11,0,0,57,0,0,0,127,0,0,0,0,0,0,0,67,0,0,0,52,0,0,0,0,0,0,80,0,0,2,0,57,0,0,0,0,0,0,0,0,0,0,65,0,0,0,0,0,0,0,21,0,0,0,0,0,0,10,0,0,0,654,0,0,0,0,14,0,0,0,0,0,0,0,2,3,0,0,0,10,0,12,17,13,3,0,0,0,0,0,0,0,11,0,3,0,0,0,0,0,0,0,0,0,0,0,0,3,0,0,0,0,0,0,0,10,18,10,0,0,0,0,1,0,0,0,0,0,3,0,0,1,9,0,0,5,2,0,18,0,0,0,8,0,10,0,1,0,0,5,0,0,0,0,0,0,0,0,7,11,0,0,0,17,0,0,0,0,0,0,0,0,0,0,0,0,0,0,1,0,8,0,7,0,1,0,7,0,0,0,0,0,0,0,0,0,5,0,0,0,0,0,0,0,0,0,17,0,0,0,1,0,0,0,0,0,0,0,0,0,0,0,0,0,0,1,0,2,0,0,3,0,0,2,0,0,0,0,0,0,0,0,0,4,0,0,0,76,1,0,0,0,0,3,0,0,0,0,0,0,0,0,0,0,0,0,0,0,0,2,0,0,0,0,0,0,0,0,2,0,0,0,0,0,0,0,0,0,0,0,0,0,0,0
205,"lib_A_tag_CGACGC","A-15","A_CGACGC","A","CGACGC","PCT-S-0500","spatial",500,"S",1,"environmental",-122.3944036,47.70766856,81,5,21,18939,20586,13912,5718,0,4188,8199,1,0,0,40739,0,7,0,3,2,10,3,0,0,9419,4,1,0,0,0,405,0,0,1,0,0,1,0,0,10,0,0,0,0,0,1206,2,0,0,2,0,0,92,0,4,0,1062,0,0,0,0,0,0,0,0,3705,0,1,0,0,0,0,0,783,0,0,0,0,0,0,34,0,0,0,30,0,0,0,0,1,1,26,0,0,37,0,122,0,0,0,0,0,0,0,18,0,0,121,0,0,0,0,0,0,0,17,0,0,0,0,0,0,13,0,0,0,0,0,15,0,0,62,0,0,18,0,0,0,0,0,0,0,0,0,7,15,0,65,3,0,17,0,0,0,188,0,0,6,0,0,0,0,14,0,0,0,0,0,0,0,0,0,0,0,0,0,11,0,0,0,12,35,51,0,0,0,0,7,0,0,0,0,0,1,0,0,0,27,0,0,4,0,0,6,0,0,0,27,0,29,0,0,0,0,5,0,0,0,0,0,0,0,0,0,0,0,0,0,5,0,0,0,1,0,0,0,0,0,0,0,0,4,0,20,0,0,0,30,0,0,0,7,0,0,0,0,0,0,0,0,0,10,18,0,0,0,0,0,0,0,0,7,0,0,0,0,0,0,0,0,0,0,0,0,0,0,0,3,0,0,14,0,0,0,0,7,0,0,1,0,0,0,0,27,0,0,0,0,0,0,0,0,0,3,0,0,0,0,0,0,0,0,0,0,19,0,0,21,0,0,0,0,0,0,19,0,0,0,0,0,0,17,0,7,0,0,0,0,0,0,0,0,0,0,0,0,0,0,1
204,"lib_B_tag_GCAGTG","B-11","B_GCAGTG","B","GCAGTG","PCT-S-0500","spatial",500,"S",2,"environmental",-122.3944036,47.70766856,82,5,21,18791,16943,14841,4178,0,3943,6562,0,0,3,47624,4,0,0,0,1,0,0,0,0,8582,0,1,0,0,0,332,0,0,0,0,0,1,0,0,8,0,0,0,0,0,919,0,0,0,1,0,0,61,0,0,0,1753,0,0,0,0,0,0,0,0,3057,0,0,0,0,0,0,0,1294,0,0,0,0,0,0,26,0,0,0,20,0,0,0,0,0,0,43,0,0,31,0,173,0,0,0,0,0,0,0,31,0,0,92,0,0,0,0,0,0,0,6,0,0,0,0,0,0,9,0,0,0,0,0,7,0,0,68,0,0,9,0,0,0,0,0,0,0,0,0,6,12,0,57,1,0,9,0,0,0,289,0,0,8,0,0,0,0,15,0,0,0,0,0,0,0,0,0,0,0,0,0,7,0,0,0,15,62,45,0,0,0,0,3,0,0,0,0,0,0,0,0,0,16,0,0,3,0,0,4,0,0,0,33,0,17,0,0,0,0,3,0,0,0,0,0,0,0,0,0,0,0,0,0,12,0,0,0,0,0,0,0,0,0,0,0,0,3,0,15,0,0,0,23,0,0,0,17,0,0,0,0,0,0,0,0,0,15,19,0,0,0,0,0,0,0,0,10,0,0,0,0,0,0,0,0,0,0,0,0,0,0,0,6,0,0,12,0,0,0,0,11,0,0,1,0,0,0,0,27,0,0,0,0,0,0,0,0,0,2,0,0,0,0,0,0,0,0,0,0,23,0,0,9,0,0,0,0,0,0,18,0,0,0,0,0,0,46,0,8,0,0,0,0,0,0,0,0,0,0,0,0,0,0,1
207,"lib_E_tag_TAGATC","E-29","E_TAGATC","E","TAGATC","PCT-S-0500","spatial",500,"S",3,"environmental",-122.3944036,47.70766856,83,5,21,18830,15703,15603,4084,5,4024,6827,0,0,0,48572,0,0,0,2,0,0,0,0,0,8096,0,0,0,0,0,388,0,0,0,0,0,0,0,0,6,0,0,0,0,1,1001,0,0,0,1,0,0,75,0,0,0,1405,0,0,0,0,0,0,0,0,3618,0,0,0,0,0,0,0,962,0,0,0,0,0,0,25,0,0,0,14,0,0,0,0,0,0,33,0,0,28,0,116,0,0,0,0,0,0,0,22,0,0,87,0,0,0,0,0,0,0,8,0,0,0,0,0,0,9,0,0,0,0,0,10,0,0,64,0,0,20,0,0,0,0,0,0,0,0,0,5,8,0,39,1,0,5,0,0,0,268,0,0,5,0,0,0,0,14,0,0,0,0,0,0,0,0,0,0,0,0,0,6,0,0,0,5,31,41,0,0,0,0,0,0,0,0,0,0,2,0,0,0,18,0,0,6,0,0,4,0,0,0,23,0,12,0,0,0,0,1,0,0,0,0,0,0,0,0,0,0,0,0,0,11,0,0,0,0,0,0,0,0,0,0,0,0,2,0,13,0,0,0,13,0,0,0,7,0,0,0,0,0,0,0,0,0,13,10,0,0,0,0,0,0,0,0,7,0,0,0,0,0,0,0,0,0,0,0,0,0,0,0,2,0,0,7,0,0,0,0,14,0,0,0,0,0,0,0,17,0,0,0,0,0,0,0,0,0,2,0,0,0,0,0,0,0,0,0,0,18,0,0,5,0,0,0,0,0,0,6,0,0,0,0,0,0,37,0,4,0,0,0,0,0,0,0,0,0,0,0,0,0,0,1
206,"lib_K_tag_ACTCTG","K-20","K_ACTCTG","K","ACTCTG","PCT-S-0500","spatial",500,"S",4,"environmental",-122.3944036,47.70766856,84,5,21,18657,16856,15217,4452,1,3992,7179,1,2,0,46513,0,0,0,0,0,0,0,0,0,8665,0,0,0,0,0,397,0,0,0,0,0,1,0,0,6,0,0,0,0,0,1066,0,0,0,1,0,0,80,0,0,0,1409,0,0,0,0,0,0,0,0,3546,0,0,0,0,0,0,0,982,0,0,0,0,0,0,23,0,0,0,19,0,0,0,0,0,0,34,0,0,30,0,172,0,0,0,0,0,0,0,33,0,0,79,0,0,0,0,0,0,0,13,0,0,0,0,0,0,7,0,0,0,0,0,13,0,0,60,0,0,15,0,0,0,0,0,0,0,0,0,8,14,0,42,3,0,9,0,0,0,273,0,0,6,0,0,0,0,9,0,0,0,0,0,0,0,0,0,0,0,0,0,5,0,0,0,11,56,44,0,0,0,0,3,0,0,0,0,0,1,0,0,0,19,0,0,6,0,0,2,0,0,0,25,0,19,0,0,0,0,1,0,0,0,0,0,0,0,0,0,0,0,0,0,15,0,0,0,0,0,0,0,0,0,0,0,0,2,0,16,0,0,0,18,0,0,0,15,0,0,0,0,0,0,0,0,0,15,20,0,0,0,0,0,0,0,0,12,0,0,0,0,0,0,0,0,0,0,0,0,0,0,0,3,0,0,14,0,0,0,0,16,0,0,1,0,0,0,0,18,0,0,0,0,0,0,0,0,0,2,0,0,0,0,0,0,0,0,0,0,17,0,0,8,0,0,0,0,0,0,9,0,0,0,0,0,0,28,0,2,0,0,0,0,0,0,0,0,0,0,0,0,0,0,3
210,"lib_A_tag_TCGCAT","A-9","A_TCGCAT","A","TCGCAT","PCT-S-1000","spatial",1000,"S",1,"environmental",-122.3995173,47.71055535,85,6,22,34471,28595,10,0,50,5836,1410,2109,0,0,6,26827,0,0,0,15199,0,0,0,10,708,0,2,2,0,0,2,7,0,1,0,0,28,24,0,0,0,0,0,0,2,11,70,0,0,919,0,2,10504,0,0,0,1,0,0,0,20,0,842,0,0,1,0,0,0,0,0,0,3,0,0,0,0,0,13,0,10,0,0,0,48,0,0,0,0,0,0,40,0,0,95,0,17,0,0,0,51,0,0,0,0,0,0,18,0,0,0,0,0,42,0,3,0,0,0,0,0,0,4,0,0,0,0,0,0,0,0,0,0,0,0,0,37,0,0,85,0,0,22,0,2,0,3,7,87,126,0,0,0,0,0,0,0,9,0,2,0,0,0,0,0,0,0,0,0,0,0,0,59,0,0,0,0,0,0,0,23,0,0,0,0,0,0,0,255,0,0,0,0,0,0,0,216,0,0,0,1,142,0,8,0,0,0,0,0,0,0,90,116,122,6,0,0,0,0,0,0,48,0,0,0,0,82,0,0,0,0,0,110,78,0,0,0,0,0,0,0,0,1,1,0,0,0,6,0,30,0,1,0,0,0,19,0,0,37,0,0,0,0,0,0,0,0,0,0,0,0,0,0,0,0,20,0,0,0,0,0,67,0,0,0,0,0,0,0,0,0,0,11,0,0,2,0,0,52,0,0,0,0,0,0,0,0,0,0,0,0,0,0,0,0,0,0,0,0,0,0,0,0,0,0,0,0,0,0,0,0,0,0,0,0,0,0,0,0,0,0,0,0,0,0,47,0,5,0,0,5,0,0,0,0,0,0,0,0
211,"lib_D_tag_TCGTCA","D-14","D_TCGTCA","D","TCGTCA","PCT-S-1000","spatial",1000,"S",2,"environmental",-122.3995173,47.71055535,86,6,22,35172,24867,0,1,17,5672,1165,1755,0,0,0,28966,0,0,0,16748,0,0,0,0,599,0,0,0,0,0,2,0,0,0,0,0,25,21,0,0,0,0,0,0,0,5,88,0,0,872,0,0,10519,0,0,0,0,0,0,0,13,0,638,0,0,1,0,0,0,0,0,0,3,0,0,0,0,0,14,0,7,0,0,0,51,0,0,0,0,0,0,60,0,0,75,0,34,0,0,0,40,0,0,0,0,0,0,13,0,0,0,0,0,50,0,3,0,0,0,0,0,0,5,0,0,0,0,0,0,0,0,1,0,0,0,0,44,0,0,98,0,0,40,0,2,0,10,10,137,125,0,0,0,0,0,0,0,4,0,3,0,0,0,0,0,0,0,0,0,0,0,0,86,0,0,0,0,0,0,0,25,1,0,0,0,0,0,0,288,0,0,0,0,0,0,0,277,0,0,0,4,221,0,2,0,0,0,0,0,0,0,135,183,187,2,0,0,0,0,0,0,55,0,0,0,0,145,0,1,0,0,0,107,143,0,0,0,0,0,0,0,0,0,1,0,0,0,4,0,26,0,2,0,0,0,31,0,0,53,0,0,0,0,0,0,0,0,0,0,0,0,0,0,0,0,17,0,0,0,0,0,79,0,0,0,0,0,0,0,0,0,0,9,0,0,2,0,0,48,0,0,0,0,0,0,0,0,0,0,0,0,0,0,0,0,0,0,0,1,0,0,0,0,0,0,0,0,0,0,0,0,0,0,0,0,0,0,0,0,0,0,0,0,0,0,44,0,7,0,0,7,0,0,0,0,0,0,0,0
209,"lib_G_tag_ACAGCA","G-2","G_ACAGCA","G","ACAGCA","PCT-S-1000","spatial",1000,"S",3,"environmental",-122.3995173,47.71055535,87,6,22,35383,25691,2,0,18,5761,1179,1844,32,17,0,28501,0,0,0,15995,0,0,2,0,672,0,3,0,0,1,2,0,0,0,0,0,37,20,0,0,0,0,0,0,0,8,72,0,0,863,0,0,10379,0,0,0,0,0,0,0,16,0,706,0,0,0,0,0,0,0,0,0,1,0,0,0,0,0,16,0,6,0,0,0,53,0,0,0,0,0,0,79,0,0,97,0,26,0,0,0,43,2,0,0,0,0,0,18,0,0,0,0,0,44,0,2,0,0,0,0,0,0,3,0,0,1,0,0,0,0,0,1,0,0,0,0,31,0,0,109,0,0,29,0,5,0,5,14,117,123,0,0,0,0,0,0,0,11,0,5,0,0,0,0,0,0,0,0,0,0,0,0,79,0,0,0,0,0,0,0,18,0,0,0,0,0,0,0,270,0,0,0,0,0,0,0,243,0,0,0,1,200,0,5,0,0,0,1,0,0,0,92,202,170,5,0,0,0,0,0,0,73,0,1,0,0,135,0,0,0,0,0,157,118,0,0,0,0,0,0,0,0,0,2,0,0,0,5,0,33,0,5,0,0,0,24,0,0,49,0,0,0,0,0,0,0,0,0,0,0,0,0,0,0,0,22,0,0,0,0,0,83,0,0,0,0,0,0,0,0,0,0,15,0,0,5,0,0,37,0,0,0,0,0,0,0,0,0,0,0,0,0,0,0,0,0,0,0,2,0,0,0,0,0,0,0,0,0,0,0,0,0,0,0,0,0,0,0,0,0,0,0,0,0,0,37,0,5,0,0,3,0,0,0,0,0,0,0,0
208,"lib_J_tag_ACACAC","J-1","J_ACACAC","J","ACACAC","PCT-S-1000","spatial",1000,"S",4,"environmental",-122.3995173,47.71055535,88,6,22,34677,26546,1,0,22,5784,1285,1943,0,0,0,27499,0,0,0,16387,0,0,2,0,653,0,0,0,0,0,3,0,0,0,0,0,29,28,0,0,0,0,0,0,0,7,79,0,0,869,0,0,10670,0,0,0,0,0,0,0,20,0,761,0,0,0,0,0,0,0,0,0,3,0,0,0,0,0,15,0,9,0,0,0,40,0,0,0,0,0,0,65,0,0,93,0,25,0,0,0,49,0,0,0,0,0,0,22,0,0,0,0,0,36,0,3,0,0,0,0,0,0,2,0,0,0,0,0,0,0,0,0,0,0,0,0,43,0,0,105,0,0,33,0,2,0,4,10,119,117,0,0,0,0,0,0,0,12,0,3,0,0,0,0,0,0,0,0,0,0,0,0,69,0,0,0,0,0,0,0,28,0,1,0,0,0,0,0,311,0,0,0,0,0,0,0,235,0,0,0,3,200,0,8,0,0,0,0,0,0,0,113,148,152,5,0,0,0,0,0,0,60,0,0,0,0,121,0,0,0,0,0,142,117,0,0,0,0,0,0,0,0,0,1,0,0,0,2,0,35,0,4,0,0,0,25,0,0,50,0,0,0,0,0,0,0,0,0,0,0,0,0,0,0,0,28,0,0,0,0,0,88,0,0,0,0,0,0,0,0,0,0,16,0,0,4,0,0,45,0,0,0,0,0,0,0,0,0,0,0,0,0,0,0,0,0,0,0,2,0,0,0,0,0,0,0,0,0,0,0,0,0,0,0,0,0,0,0,0,0,0,0,0,0,0,38,0,6,0,0,5,0,0,0,0,0,0,0,0
212,"lib_A_tag_GCGCTC","A-4","A_GCGCTC","A","GCGCTC","PCT-S-2000","spatial",2000,"S",1,"environmental",-122.4097466,47.71632824,89,7,23,25054,5763,8,84441,21,52,4,14,4,0,4,865,6,0,3413,1,0,0,0,4,80,5,3,4,0,0,0,1,2,0,0,0,0,0,0,1,0,0,0,0,0,2,1,0,0,0,0,0,0,0,0,0,1,6402,0,0,0,0,0,0,0,6,0,0,0,0,0,0,0,0,0,0,0,0,0,0,0,0,0,2827,18,0,0,0,0,0,0,19,0,0,0,0,4,0,0,0,0,0,0,0,304,0,0,5,0,0,0,0,71,0,0,0,0,0,0,0,0,0,0,0,0,0,0,0,180,0,0,0,0,0,177,0,0,0,0,3,0,0,0,0,0,58,0,3,0,0,60,0,0,0,0,0,0,2,0,7,0,20,54,0,0,0,0,0,0,0,0,0,5,0,0,0,47,0,0,28,0,0,0,0,0,0,0,52,0,0,0,0,0,0,0,0,0,0,0,0,0,0,0,1,0,0,0,0,0,0,0,0,0,0,2,0,0,0,0,0,0,0,10,0,0,129,0,0,0,0,0,0,0,0,0,0,0,0,0,0,0,17,0,0,0,0,0,1,0,2,0,0,0,0,0,0,0,0,0,13,0,0,0,0,0,0,0,0,0,0,6,0,0,0,0,2,0,0,0,0,0,0,0,0,0,0,0,2,0,0,0,2,0,0,0,0,1,0,0,0,0,0,0,0,0,0,0,0,0,1,0,0,0,0,0,8,0,0,0,0,0,0,0,0,0,0,0,0,0,0,0,0,0,0,0,0,0,0,0,0,0,0,0,0,0,0,0,0,0,0,0,0,0,0,0,0,0,0,5
215,"lib_D_tag_GCTACA","D-27","D_GCTACA","D","GCTACA","PCT-S-2000","spatial",2000,"S",2,"environmental",-122.4097466,47.71632824,90,7,23,25700,5340,3,83405,1,51,1,1,0,0,0,920,0,0,3289,0,0,0,0,0,83,0,0,0,0,0,0,0,0,0,0,0,1,0,0,0,0,0,0,0,0,4,0,0,0,0,0,0,0,0,0,0,0,7393,0,0,0,0,0,0,0,2,0,0,0,0,0,0,0,0,0,0,0,0,0,0,0,0,0,2846,9,0,0,0,0,0,0,19,0,0,0,0,3,0,0,0,0,0,0,0,248,0,0,3,0,0,0,0,90,0,0,0,0,0,0,0,0,0,0,0,0,0,0,0,192,0,0,0,0,0,218,0,0,0,0,7,0,0,0,0,0,42,0,0,0,0,58,0,0,0,0,0,0,5,0,2,0,20,55,0,0,0,0,0,0,0,0,0,4,0,0,0,44,0,0,21,0,0,0,0,0,0,0,49,0,0,0,0,0,0,0,0,0,0,0,0,0,0,0,1,0,0,0,0,0,0,0,0,0,0,5,0,0,0,0,0,0,0,4,0,0,152,0,0,0,0,0,0,0,0,0,0,0,0,0,0,0,10,0,1,0,0,0,0,0,1,0,0,0,0,0,0,0,0,0,11,0,0,0,0,0,0,0,0,0,0,5,0,0,0,0,4,0,0,0,0,0,0,0,0,0,0,0,1,0,0,0,1,1,0,0,0,2,0,0,0,0,0,0,0,0,0,0,0,0,0,0,0,0,0,0,5,0,0,0,0,0,0,0,0,0,0,0,0,0,0,0,0,0,0,0,0,0,0,0,0,0,0,0,0,0,0,0,0,0,0,0,0,0,0,0,0,0,0,8
214,"lib_G_tag_GCGTAG","G-22","G_GCGTAG","G","GCGTAG","PCT-S-2000","spatial",2000,"S",3,"environmental",-122.4097466,47.71632824,91,7,23,26325,5938,2,81468,0,64,1,1,14,0,1,1034,2,0,3628,0,1,0,1,0,79,0,0,2,0,0,0,0,0,0,0,0,1,0,0,0,0,0,0,1,0,2,0,0,0,0,0,0,0,0,0,0,0,7510,0,0,0,0,0,0,0,8,0,0,0,0,0,0,0,0,0,0,0,0,0,0,0,0,0,2856,8,0,0,0,0,0,0,20,0,0,0,0,5,0,0,0,0,0,0,0,302,0,0,9,0,0,0,0,139,0,0,0,0,0,0,0,0,0,0,0,0,0,0,0,191,0,0,0,0,0,178,0,0,0,0,8,0,0,0,0,0,42,0,0,0,0,56,0,0,0,0,0,0,2,0,5,0,24,84,0,0,0,0,0,0,0,0,0,3,0,0,0,40,0,0,23,0,0,0,0,0,0,0,43,0,0,0,0,0,0,0,0,0,0,0,0,0,0,0,1,0,0,0,0,0,0,0,0,0,0,1,0,0,0,0,0,0,0,10,0,0,158,0,0,0,0,0,0,0,0,0,0,0,0,0,0,0,10,0,0,0,0,0,0,0,0,0,3,0,0,0,0,0,0,0,11,0,0,0,0,0,0,0,0,0,0,4,0,0,0,0,1,0,0,0,0,0,0,0,0,0,0,0,1,0,0,0,1,1,0,0,1,0,0,0,0,0,0,0,0,0,0,0,0,0,2,0,0,0,0,0,14,0,0,0,0,0,0,0,0,0,0,0,0,0,0,0,0,0,0,0,0,0,0,0,0,0,0,0,0,0,0,0,0,0,0,0,0,0,0,0,0,0,0,5
213,"lib_K_tag_GCGCTC","K-4","K_GCGCTC","K","GCGCTC","PCT-S-2000","spatial",2000,"S",4,"environmental",-122.4097466,47.71632824,92,7,23,23912,5900,1,85410,2,50,0,1,4,0,1,881,4,0,3572,0,0,0,0,0,91,0,0,0,0,0,0,0,0,0,0,0,1,0,0,0,0,0,0,0,0,2,0,0,0,0,0,0,0,0,0,0,1,6245,1,0,0,0,0,0,0,5,0,0,0,0,0,0,0,0,0,0,0,0,0,0,0,0,0,2839,13,0,0,0,0,0,0,21,0,0,0,0,4,0,0,0,0,0,0,0,293,0,0,5,0,0,0,0,89,0,0,0,0,0,0,0,0,0,0,0,0,0,0,0,179,0,0,0,0,0,193,0,0,0,0,6,0,0,0,0,0,50,0,3,0,0,63,0,0,0,0,0,0,4,0,5,0,28,72,0,0,0,0,0,0,0,0,0,6,0,0,0,61,0,0,34,0,0,0,0,0,0,0,62,0,0,0,0,0,0,0,0,0,0,0,0,0,0,0,2,0,0,0,0,0,0,0,0,0,0,4,0,0,0,0,0,0,0,8,0,0,146,0,0,0,0,0,0,0,0,0,0,0,0,0,0,1,8,0,0,0,0,0,1,0,2,0,1,0,0,0,0,0,0,0,11,0,0,0,0,0,0,0,0,0,0,7,0,0,0,0,3,0,0,0,0,0,0,0,0,0,0,0,2,0,0,0,2,2,0,0,0,3,0,0,0,0,0,0,0,0,0,0,0,0,0,0,0,0,0,0,10,0,0,0,0,0,0,0,0,0,0,0,0,0,0,0,0,0,0,0,0,0,0,0,0,0,0,0,0,0,0,0,0,0,0,0,0,0,0,0,0,0,0,8
216,"lib_D_tag_ACATGT","D-5","D_ACATGT","D","ACATGT","PCT-S-4000","spatial",4000,"S",1,"environmental",-122.4302119,47.72787131,93,8,24,24478,2,0,0,1,4447,21,0,0,0,0,7520,0,0,55235,3,0,2371,0,0,7,0,824,0,0,6038,0,0,112,1,0,0,0,0,0,1,0,23630,0,0,0,20,0,0,0,0,0,0,0,0,0,0,0,0,0,0,0,0,0,0,0,0,0,0,0,22,0,0,0,0,0,0,0,0,0,0,2,0,0,0,0,0,0,0,0,0,0,0,0,2155,18,0,0,0,0,0,0,0,0,0,0,0,0,0,0,0,1418,0,386,0,0,1,13,0,0,0,0,0,0,0,0,0,0,0,0,0,0,0,0,0,0,0,0,0,0,29,0,0,0,0,0,0,0,0,0,0,0,2,0,0,0,0,0,5,0,0,0,218,0,0,0,0,0,0,0,0,0,0,26,0,0,0,0,286,0,225,0,0,0,0,0,0,2,0,0,0,0,0,0,0,0,0,0,0,69,0,0,23,0,0,0,0,0,0,0,0,4,32,0,0,0,0,0,0,0,0,0,0,0,0,0,0,0,0,0,0,0,81,0,0,0,0,0,0,0,0,0,0,0,0,0,0,0,0,0,0,0,0,0,0,0,0,0,0,0,92,0,0,0,0,0,0,0,0,0,0,50,0,0,0,13,6,0,75,0,0,0,0,0,0,0,0,0,0,0,0,0,0,2,0,0,0,72,0,0,0,0,0,0,0,0,0,0,0,0,0,12,0,0,0,0,42,0,0,0,51,0,0,0,0,0,0,0,0,0,0,0,0,56,0,0,0,0,0,0,0,0,0,0,0,0,0,0,0,26,0,0,26,0,0,0,0,0,0,0
217,"lib_F_tag_ATATCG","F-7","F_ATATCG","F","ATATCG","PCT-S-4000","spatial",4000,"S",2,"environmental",-122.4302119,47.72787131,94,8,24,27627,3,1,0,0,4835,50,0,0,0,0,8453,0,0,52637,7,1,2203,0,0,7,0,862,0,0,6959,0,0,94,0,0,0,0,0,0,1,0,21628,0,0,0,16,0,0,0,0,0,0,0,0,0,0,0,0,0,0,0,0,0,0,0,0,0,0,0,20,0,0,0,0,0,0,0,0,0,0,1,0,0,0,0,0,0,0,0,0,0,0,0,1819,14,0,0,0,0,0,0,0,0,0,0,0,0,0,0,0,1262,0,409,0,0,0,14,0,0,0,0,0,0,0,0,0,0,0,0,0,0,0,0,0,0,0,0,0,0,33,0,0,0,0,0,0,0,0,0,0,0,3,0,0,0,0,0,5,0,0,0,188,0,0,0,0,0,0,0,0,0,0,14,0,0,0,0,258,0,193,0,0,0,0,0,0,3,0,0,0,0,0,0,0,0,0,0,0,58,0,0,33,0,0,0,0,0,0,0,0,1,30,0,0,0,0,0,0,0,0,0,0,0,0,0,0,0,0,0,0,0,64,0,0,0,0,0,0,0,0,0,0,0,0,0,0,0,0,0,0,0,0,0,0,0,0,0,0,0,84,0,0,0,0,0,0,0,0,0,0,39,0,0,0,12,5,0,56,0,0,0,0,0,0,0,0,0,0,0,0,0,0,2,0,0,0,57,0,0,0,0,0,0,0,0,0,0,0,0,0,6,0,0,0,0,27,0,0,0,49,0,0,0,0,0,0,0,0,0,0,0,0,44,0,0,0,0,0,0,0,0,0,0,0,0,0,0,0,33,0,0,36,0,0,0,0,0,0,0
219,"lib_F_tag_ATGTGC","F-30","F_ATGTGC","F","ATGTGC","PCT-S-4000","spatial",4000,"S",3,"environmental",-122.4302119,47.72787131,95,8,24,24730,1,1,0,0,4401,49,0,0,0,0,6515,0,0,57029,7,0,2447,0,0,11,0,791,0,0,5403,0,0,104,0,0,0,0,0,0,0,0,23673,0,0,0,22,0,0,0,0,0,0,0,0,0,0,0,0,0,0,0,0,0,0,0,0,0,0,0,26,0,0,0,0,0,0,0,0,0,0,0,0,0,0,0,0,0,0,0,0,0,0,0,1884,17,0,0,0,0,0,0,0,0,0,0,0,0,0,0,0,1388,0,381,0,0,0,15,0,0,0,0,0,0,0,0,0,0,0,0,0,0,0,0,0,0,0,0,0,0,24,0,0,0,0,0,0,0,0,0,0,0,3,0,0,0,0,0,6,0,0,0,189,0,0,0,0,0,0,0,0,0,0,13,0,0,0,0,208,0,259,0,0,0,0,0,0,2,0,0,0,0,0,0,0,0,0,0,0,47,0,0,35,0,0,0,0,0,0,0,0,1,23,0,0,0,0,0,0,0,0,0,0,0,0,0,0,0,0,0,0,0,79,0,0,0,0,0,0,0,0,0,0,0,0,0,0,0,0,0,0,0,0,0,0,0,0,0,0,0,80,0,0,0,0,0,0,0,0,0,0,52,0,0,0,13,6,0,66,0,0,0,0,0,0,0,0,0,0,0,0,0,0,0,0,0,0,79,0,0,0,0,0,0,0,0,0,0,0,0,0,10,0,0,0,0,22,0,0,0,47,0,0,0,0,0,0,0,0,0,0,0,0,36,0,0,0,0,0,0,0,0,0,0,0,0,0,0,0,23,0,0,24,0,0,0,0,0,0,0
218,"lib_J_tag_ATGCAG","J-26","J_ATGCAG","J","ATGCAG","PCT-S-4000","spatial",4000,"S",4,"environmental",-122.4302119,47.72787131,96,8,24,25254,1,0,0,0,4456,48,0,0,0,0,6499,0,0,55819,4,0,2377,0,0,7,0,802,0,0,5554,0,0,96,0,0,0,0,0,0,1,0,24036,0,0,0,19,0,0,0,0,0,0,0,0,0,0,0,0,0,0,0,0,0,0,0,0,0,0,0,23,0,0,0,0,0,0,0,0,0,0,0,0,0,0,0,0,0,0,0,0,0,0,0,2054,15,0,0,0,0,0,0,0,0,0,0,0,0,0,0,0,1397,0,382,0,0,0,13,0,0,0,0,0,0,0,0,0,0,0,0,0,0,0,0,0,0,0,0,0,0,28,0,0,0,0,0,0,0,0,0,0,0,3,0,0,0,0,0,6,0,0,0,167,0,0,0,0,0,0,0,0,0,0,20,0,0,0,0,233,0,260,0,0,0,0,0,0,3,0,0,0,0,0,0,0,0,0,0,0,59,0,0,34,0,0,0,0,0,0,0,0,4,25,0,0,0,0,0,0,0,0,0,0,0,0,0,0,0,0,0,0,0,76,0,0,0,0,0,0,0,0,0,0,0,0,0,0,0,0,0,0,0,0,0,0,0,0,0,0,0,83,0,0,0,0,0,0,1,0,0,0,58,0,0,0,12,4,0,83,0,0,0,0,0,0,0,0,0,0,0,0,0,0,5,0,0,0,76,0,0,0,0,0,0,0,0,0,0,0,0,0,11,0,0,0,0,30,0,0,0,50,0,0,0,0,0,0,0,0,0,0,0,0,39,0,0,0,0,0,0,0,0,0,0,0,0,0,0,0,17,0,0,13,0,0,0,0,0,0,0
